time_acc_dt_original_feats;time_acc_dt_selected_feats;time_acc_neight_original_feats;time_acc_neight_selected_feats;time_acc_gnb_original_feats;time_acc_gnb_selected_feats;time_acc_rf_original_feats;time_acc_rf_selected_feats;time_acc_mlp_original_feats;time_acc_mlp_selected_feats;time_acc_svc_original_feats;time_acc_svc_selected_featstime_prec_dt_original_feats;time_prec_dt_selected_feats;time_prec_neight_original_feats;time_prec_neight_selected_feats;time_prec_gnb_original_feats;time_prec_gnb_selected_feats;time_prec_rf_original_feats;time_prec_rf_selected_feats;time_prec_mlp_original_feats;time_prec_mlp_selected_feats;time_prec_svc_original_feats;time_prec_svc_selected_featstime_rec_dt_original_feats;time_rec_dt_selected_feats;time_rec_neight_original_feats;time_rec_neight_selected_feats;time_rec_gnb_original_feats;time_rec_gnb_selected_feats;time_rec_rf_original_feats;time_rec_rf_selected_feats;time_rec_mlp_original_feats;time_rec_mlp_selected_feats;time_rec_svc_original_feats;time_rec_svc_selected_featstime_f1_dt_original_feats;time_f1_dt_selected_feats;time_f1_neight_original_feats;time_f1_neight_selected_feats;time_f1_gnb_original_feats;time_f1_gnb_selected_feats;time_f1_rf_original_feats;time_f1_rf_selected_feats;time_f1_mlp_original_feats;time_f1_mlp_selected_feats;time_f1_svc_original_feats;time_f1_svc_selected_feats;time_acc_svc_selected_feats;time_f1_dt_original_feats;time_prec_dt_original_feats;time_prec_svc_selected_feats;time_rec_dt_original_feats;time_rec_svc_selected_feats
0.516;0.063;2.4530000000000003;0.25;0.23399999999999999;0.047;9.301;3.2430000000000003;18.701;7.297000000000001;8.432;;0.078;2.437;0.25;0.21899999999999997;0.047;9.203;3.159;14.968;7.2410000000000005;8.323;;0.079;2.4530000000000003;0.25;0.23399999999999999;0.047;9.388;3.125;17.093;7.452999999999999;7.875;;0.063;2.4530000000000003;0.237;0.23399999999999999;0.031;9.219;3.1260000000000003;15.874;7.234;7.766;0.42200000000000004;0.456;0.531;0.516;0.42700000000000005;0.531;0.43700000000000006
0.531;0.063;2.5;0.25;0.21899999999999997;0.047;9.407;3.2030000000000003;15.095999999999998;7.359;7.746;;0.063;2.4530000000000003;0.25;0.21899999999999997;0.047;9.297;3.111;16.148;7.235;7.939;;0.078;2.438;0.25;0.21899999999999997;0.047;9.187000000000001;3.125;14.407;7.282;7.735;;0.062;2.516;0.25;0.21899999999999997;0.047;9.266;3.133;16.843;7.439;7.767;0.43700000000000006;0.42200000000000004;0.531;0.531;0.43799999999999994;0.516;0.42200000000000004
0.516;0.078;2.439;0.23399999999999999;0.23399999999999999;0.031;9.187000000000001;3.109;15.862;7.222;7.736000000000001;;0.078;2.516;0.25;0.23399999999999999;0.047;9.411;3.188;16.003;7.251;7.752000000000001;;0.063;2.437;0.25;0.21899999999999997;0.047;9.291;3.156;14.845;7.267;7.922999999999999;;0.078;2.438;0.25;0.21899999999999997;0.047;9.173;3.125;15.754000000000001;7.235;7.771;0.42200000000000004;0.42200000000000004;0.516;0.531;0.43799999999999994;0.531;0.43799999999999994
0.516;0.078;2.484;0.25;0.21899999999999997;0.047;9.361;3.109;16.090999999999998;7.531000000000001;7.736000000000001;;0.062;2.455;0.23399999999999999;0.23399999999999999;0.047;9.187999999999999;3.125;16.048;7.25;7.732;;0.063;2.439;0.25;0.21899999999999997;0.047;9.406;3.188;14.362;7.266;7.72;;0.062;2.445;0.258;0.21899999999999997;0.047;9.196;3.125;16.565;7.2589999999999995;7.933;0.43700000000000006;0.42200000000000004;0.516;0.516;0.425;0.516;0.42200000000000004
0.516;0.078;2.424;0.25;0.21899999999999997;0.031;9.187000000000001;3.109;15.11;7.234;7.781000000000001;;0.062;2.504;0.266;0.21899999999999997;0.047;9.406;3.158;16.689;7.532;7.723;;0.078;2.44;0.23399999999999999;0.23399999999999999;0.047;9.187000000000001;3.125;14.329;7.297000000000001;7.734;;0.063;2.4530000000000003;0.23399999999999999;0.23399999999999999;0.031;9.391;3.205;15.782;7.235;7.723;0.42200000000000004;0.42200000000000004;0.531;0.531;0.42200000000000004;0.516;0.42200000000000004
0.516;0.078;2.4219999999999997;0.25;0.21899999999999997;0.031;9.19;3.134;16.112000000000002;7.297999999999999;7.906000000000001;;0.063;2.4530000000000003;0.25;0.21899999999999997;0.047;9.22;3.1260000000000003;16.047;7.2410000000000005;7.789;;0.078;2.5;0.25;0.23399999999999999;0.047;9.408;3.187;16.206;7.516;7.735;;0.078;2.469;0.266;0.23399999999999999;0.047;9.345;3.173;15.082;7.257000000000001;7.781000000000001;0.42200000000000004;0.42200000000000004;0.516;0.516;0.42200000000000004;0.531;0.42200000000000004
0.579;0.077;2.952;0.33;0.3;0.053;10.693;3.542;19.192;8.732000000000001;7.946000000000001;;0.086;2.87;0.28300000000000003;0.273;0.055;10.116;3.4760000000000004;21.706999999999997;8.67;9.942;;0.077;2.8539999999999996;0.27899999999999997;0.27399999999999997;0.053;10.191;3.5780000000000003;18.944000000000003;8.434;8.573;;0.08199999999999999;2.74;0.267;0.242;0.055;10.844000000000001;3.531;20.199;8.812999999999999;9.076;0.46399999999999997;0.44299999999999995;0.557;0.5670000000000001;0.49700000000000005;0.54;0.475
0.551;0.079;2.7319999999999998;0.266;0.239;0.043;10.285;3.6239999999999997;18.965;8.137;9.166;;0.08199999999999999;2.735;0.275;0.253;0.051;10.167;3.591;19.704;8.369;9.044;;0.081;2.6889999999999996;0.26899999999999996;0.24600000000000002;0.051;10.099;3.304;16.805;7.859;9.113999999999999;;0.075;2.5580000000000003;0.255;0.233;0.046;9.623;3.2539999999999996;15.888;7.72;7.994;0.43700000000000006;0.473;0.539;0.556;0.518;0.557;0.479
0.527;0.07;2.605;0.255;0.233;0.044000000000000004;9.604;3.2969999999999997;15.37;7.774;8.054;;0.094;2.733;0.27399999999999997;0.248;0.055999999999999994;10.443;3.53;18.699;8.059;9.766;;0.083;2.6180000000000003;0.259;0.23800000000000002;0.047;9.804;3.342;19.292;8.211;9.141;;0.077;2.5860000000000003;0.264;0.235;0.046;9.972999999999999;3.429;18.417;7.803;8.947000000000001;0.528;0.43200000000000005;0.537;0.564;0.488;0.544;0.527
0.541;0.07200000000000001;2.6319999999999997;0.261;0.24100000000000002;0.043;9.923;3.3310000000000004;17.718;7.852;8.493;;0.08;2.719;0.267;0.247;0.05;10.156;3.4139999999999997;17.636;8.165;9.056000000000001;;0.083;2.79;0.28300000000000003;0.256;0.053;10.307;3.489;17.875999999999998;8.225;8.738;;0.081;2.753;0.272;0.272;0.055;10.24;3.4789999999999996;18.309;8.097000000000001;8.887;0.474;0.45;0.5539999999999999;0.573;0.488;0.562;0.461
0.552;0.077;2.753;0.272;0.252;0.047;10.267999999999999;3.486;19.785;8.628;8.883;;0.081;2.741;0.272;0.255;0.052000000000000005;10.222999999999999;3.4819999999999998;17.777;8.493;9.177999999999999;;0.084;2.766;0.275;0.253;0.055;10.279000000000002;3.5269999999999997;18.624000000000002;8.346;8.934;;0.083;2.739;0.272;0.258;0.051;10.26;3.398;18.669;8.156;8.954;0.47600000000000003;0.466;0.55;0.555;0.47100000000000003;0.561;0.475
0.56;0.081;2.8160000000000003;0.272;0.262;0.049;10.111;3.5789999999999997;17.304000000000002;7.882999999999999;8.636000000000001;;0.079;2.748;0.271;0.258;0.06;10.22;3.4619999999999997;19.307000000000002;8.507;8.831;;0.084;2.7689999999999997;0.27;0.257;0.049;10.252;3.495;18.653;8.441;9.144;;0.083;2.778;0.27399999999999997;0.262;0.052000000000000005;10.289000000000001;3.489;19.558;8.613999999999999;8.911;0.479;0.44799999999999995;0.573;0.552;0.45799999999999996;0.552;0.474
0.5539999999999999;0.078;2.736;0.271;0.259;0.049;10.254000000000001;3.485;17.902;8.125;8.898;;0.085;2.801;0.275;0.26899999999999996;0.055;10.328;3.51;19.096;8.421;8.896;;0.083;2.765;0.275;0.256;0.054000000000000006;10.253;3.503;18.285;8.316;8.98;;0.08199999999999999;2.8310000000000004;0.276;0.264;0.053;10.339;3.5660000000000003;19.123;8.816;9.328;0.48700000000000004;0.47100000000000003;0.561;0.561;0.47;0.555;0.474
0.563;0.08;2.821;0.27;0.256;0.046;10.327;3.5410000000000004;18.729;8.496;9.271;;0.08199999999999999;2.806;0.29;0.28300000000000003;0.059000000000000004;10.437000000000001;3.483;19.767;8.277999999999999;8.999;;0.08;2.8810000000000002;0.281;0.248;0.051;10.275;3.4739999999999998;19.663;8.029;8.66;;0.077;2.7039999999999997;0.26899999999999996;0.265;0.053;10.129;3.4530000000000003;18.038;8.082;8.7;0.48200000000000004;0.473;0.547;0.556;0.478;0.563;0.47
0.5529999999999999;0.079;2.715;0.262;0.23800000000000002;0.046;10.169;3.411;18.35;8.214;8.821;;0.079;2.6830000000000003;0.27;0.266;0.053;10.086;3.386;17.118;7.907;8.782;;0.08199999999999999;2.716;0.26899999999999996;0.25;0.051;10.365;3.534;18.852;8.227;8.627;;0.079;2.682;0.26899999999999996;0.24600000000000002;0.05;10.089;3.605;17.651;7.943;8.67;0.46399999999999997;0.46799999999999997;0.5489999999999999;0.545;0.474;0.555;0.47200000000000003
0.545;0.075;2.6860000000000004;0.263;0.242;0.045;10.091000000000001;3.4539999999999997;17.727;8.668;8.684;;0.091;2.888;0.266;0.245;0.05;10.076;3.411;17.211;8.05;9.033999999999999;;0.084;2.693;0.26899999999999996;0.249;0.05;10.079;3.4189999999999996;17.005;7.8389999999999995;8.584;;0.081;2.728;0.268;0.251;0.054000000000000006;10.203;3.447;18.857;8.517000000000001;8.681000000000001;0.46;0.446;0.5529999999999999;0.568;0.47200000000000003;0.5489999999999999;0.452
0.5529999999999999;0.075;2.792;0.27;0.273;0.051;10.1;3.409;16.899;7.992000000000001;8.665;;0.079;2.7119999999999997;0.275;0.262;0.05;10.113999999999999;3.457;18.184;8.306000000000001;8.666;;0.08;2.68;0.276;0.284;0.05;10.085;3.4139999999999997;17.812;7.957000000000001;8.679;;0.078;2.533;0.256;0.251;0.039;9.551;3.2230000000000003;18.340999999999998;7.602;8.637;0.466;0.46;0.5479999999999999;0.5489999999999999;0.467;0.544;0.45899999999999996
0.507;0.078;2.485;0.25;0.23199999999999998;0.031;9.385;3.176;16.03;7.396;7.942;;0.084;2.477;0.25;0.24;0.048;9.437000000000001;3.2060000000000004;15.628;7.316;7.8629999999999995;;0.07400000000000001;2.491;0.255;0.237;0.032;9.369;3.175;15.968;7.347;8.026;;0.071;2.491;0.24;0.23800000000000002;0.047;9.363;3.1719999999999997;14.923;7.315;7.919;0.425;0.413;0.535;0.525;0.435;0.516;0.423
0.518;0.079;2.517;0.247;0.222;0.047;9.495;3.222;15.561;7.601;7.89;;0.077;2.502;0.25;0.22399999999999998;0.04;9.372;3.1910000000000003;15.092;7.365;7.906000000000001;;0.078;2.472;0.261;0.23399999999999999;0.047;9.343;3.233;13.873;7.303999999999999;7.865;;0.063;2.497;0.253;0.21899999999999997;0.047;9.341000000000001;3.187;16.155;7.447;8.032;0.429;0.415;0.534;0.518;0.43;0.536;0.43799999999999994
0.508;0.078;2.477;0.245;0.21899999999999997;0.037000000000000005;9.41;3.168;14.467;7.315;7.865;;0.078;2.526;0.263;0.226;0.047;9.511000000000001;3.2230000000000003;14.515999999999998;7.6129999999999995;7.875;;0.066;2.491;0.25;0.228;0.047;9.435;3.178;14.437999999999999;7.316;7.971;;0.07200000000000001;2.497;0.244;0.23399999999999999;0.047;9.401;3.1889999999999996;14.448;7.35;7.891;0.433;0.418;0.519;0.528;0.42200000000000004;0.54;0.433
0.526;0.08;2.5180000000000002;0.247;0.22899999999999998;0.036000000000000004;9.385;3.1910000000000003;15.467;7.528;7.952999999999999;;0.069;2.4930000000000003;0.242;0.23399999999999999;0.047;9.369;3.1919999999999997;14.484000000000002;7.305;7.912000000000001;;0.08;2.533;0.251;0.235;0.032;9.531;3.214;14.519;7.358;7.919;;0.084;2.4819999999999998;0.25;0.23;0.037000000000000005;9.408;3.1889999999999996;16.125;7.315;8.005;0.434;0.431;0.509;0.544;0.425;0.529;0.43799999999999994
0.52;0.054000000000000006;2.4859999999999998;0.24600000000000002;0.23600000000000002;0.031;9.35;3.175;15.234000000000002;7.327999999999999;7.858;;0.063;2.545;0.259;0.228;0.05;9.425;3.185;17.159000000000002;7.575;7.859;;0.078;2.4819999999999998;0.267;0.221;0.052000000000000005;9.402999999999999;3.182;14.435;7.319;7.86;;0.078;2.522;0.24600000000000002;0.23399999999999999;0.047;9.512;3.219;14.384;7.33;7.855;0.43;0.423;0.521;0.534;0.441;0.513;0.435
0.522;0.066;2.49;0.252;0.221;0.031;9.346;3.196;14.952;7.321000000000001;8.031;;0.075;2.491;0.25;0.23600000000000002;0.04;9.362;3.1710000000000003;14.395999999999999;7.314;7.885;;0.078;2.511;0.264;0.22399999999999998;0.057;9.502;3.214;15.442;7.5889999999999995;7.892;;0.078;2.4730000000000003;0.247;0.233;0.047;9.353;3.175;15.562999999999999;7.371;7.865;0.428;0.445;0.529;0.516;0.42100000000000004;0.537;0.418
0.52;0.063;2.4930000000000003;0.23;0.24100000000000002;0.039;9.517999999999999;3.213;15.651;7.314;7.881;;0.078;2.4819999999999998;0.265;0.23199999999999998;0.031;9.356;3.178;16.910999999999998;7.335;8.006;;0.063;2.487;0.257;0.228;0.047;9.37;3.182;16.124000000000002;7.3389999999999995;7.909;;0.078;2.543;0.253;0.235;0.047;9.575;3.193;16.969;7.582999999999999;7.893;0.439;0.428;0.527;0.526;0.434;0.525;0.423
0.532;0.062;2.479;0.254;0.222;0.047;9.337;3.1710000000000003;14.91;7.346;7.917999999999999;;0.078;2.492;0.24600000000000002;0.231;0.047;9.472000000000001;3.213;14.18;7.351;7.881;;0.078;2.47;0.262;0.222;0.047;9.369;3.159;14.835;7.357;7.985;;0.062;2.481;0.267;0.21899999999999997;0.047;9.368;3.177;14.222000000000001;7.32;7.945;0.433;0.419;0.5379999999999999;0.515;0.436;0.518;0.44799999999999995
0.532;0.063;2.4930000000000003;0.256;0.223;0.047;9.451;3.25;14.58;7.439;8.18;;0.078;2.497;0.255;0.21899999999999997;0.047;9.383;3.195;14.26;7.4479999999999995;7.912999999999999;;0.06;2.5380000000000003;0.23399999999999999;0.243;0.047;9.385;3.181;14.828;7.696000000000001;8.022;;0.07200000000000001;2.492;0.252;0.21899999999999997;0.047;9.385;3.174;13.806;7.482;7.89;0.433;0.42;0.527;0.514;0.442;0.5429999999999999;0.43799999999999994
0.519;0.078;2.529;0.237;0.23399999999999999;0.047;9.529;3.22;13.728;7.513;7.891;;0.078;2.492;0.24600000000000002;0.21899999999999997;0.047;9.425;3.2030000000000003;13.956;7.4639999999999995;8.031;;0.078;2.499;0.252;0.21899999999999997;0.047;9.385;3.175;13.708;7.455;7.877000000000001;;0.062;2.542;0.257;0.22;0.047;9.493;3.185;14.71;7.712999999999999;7.876;0.425;0.413;0.531;0.51;0.441;0.512;0.43200000000000005
0.515;0.063;2.503;0.249;0.217;0.047;9.467;3.1710000000000003;13.741;7.494;7.907;;0.062;2.509;0.253;0.226;0.047;9.476;3.222;15.110999999999999;7.437;7.9;;0.078;2.4859999999999998;0.257;0.22899999999999998;0.047;9.398;3.2060000000000004;15.905999999999999;7.445;8.043;;0.062;2.503;0.237;0.23800000000000002;0.047;9.382;3.177;13.776;7.465;7.952000000000001;0.43;0.425;0.526;0.531;0.43;0.534;0.433
0.524;0.07200000000000001;2.519;0.23399999999999999;0.23399999999999999;0.05;9.506;3.228;14.22;7.749;7.895;;0.078;2.529;0.253;0.21899999999999997;0.055999999999999994;9.378;3.188;15.409;7.506;7.943;;0.084;2.497;0.25;0.22899999999999998;0.04;9.441;3.24;15.407;7.435;7.896;;0.08199999999999999;2.483;0.254;0.215;0.062;9.354;3.1830000000000003;16.017;7.492000000000001;8.013;0.431;0.42100000000000004;0.532;0.51;0.42100000000000004;0.517;0.441
0.529;0.07200000000000001;2.4930000000000003;0.243;0.239;0.031;9.388;3.1910000000000003;15.135;7.434;7.92;;0.062;2.533;0.25;0.23399999999999999;0.047;9.497;3.2539999999999996;14.575999999999999;7.726;7.899;;0.077;2.503;0.24100000000000002;0.239;0.032;9.379;3.199;16.552;7.496;7.972;;0.062;2.503;0.251;0.233;0.047;9.371;3.24;14.765;7.446000000000001;7.8629999999999995;0.426;0.42200000000000004;0.531;0.532;0.43799999999999994;0.528;0.43200000000000005
0.513;0.078;2.488;0.247;0.218;0.047;9.4;3.1910000000000003;16.155;7.591;8.009;;0.079;2.496;0.24;0.21899999999999997;0.061;9.399;3.1710000000000003;14.894;7.454;7.882999999999999;;0.078;2.523;0.267;0.226;0.047;9.525;3.221;15.232000000000001;7.742000000000001;7.874;;0.063;2.51;0.259;0.21899999999999997;0.047;9.447000000000001;3.187;14.917;7.457999999999999;8.0;0.43799999999999994;0.41600000000000004;0.5379999999999999;0.521;0.418;0.526;0.423
0.519;0.063;2.481;0.26;0.214;0.047;9.369;3.193;15.210999999999999;7.473;7.872999999999999;;0.081;2.502;0.261;0.231;0.047;9.384;3.1710000000000003;15.08;7.676;8.054;;0.08199999999999999;2.489;0.247;0.22899999999999998;0.052000000000000005;9.389;3.1719999999999997;13.805;7.471;7.882999999999999;;0.078;2.5669999999999997;0.254;0.243;0.05;9.494;3.252;13.806;7.728;7.895;0.429;0.426;0.528;0.527;0.43700000000000006;0.529;0.43200000000000005
0.537;0.061;2.483;0.252;0.23199999999999998;0.031;9.44;3.215;13.844000000000001;7.449;8.031;;0.065;2.497;0.266;0.222;0.047;9.365;3.1919999999999997;14.922;7.507999999999999;7.848;;0.08;2.512;0.25;0.242;0.044000000000000004;9.458;3.195;14.72;7.692;7.915;;0.078;2.488;0.258;0.223;0.047;9.363999999999999;3.19;13.753;7.459;7.862;0.434;0.441;0.524;0.535;0.435;0.536;0.439
0.528;0.054000000000000006;2.502;0.25;0.22;0.047;9.667;3.253;14.852;7.457000000000001;7.899;;0.071;2.4859999999999998;0.25;0.237;0.046;9.352;3.2060000000000004;14.795;7.4879999999999995;8.04;;0.078;2.503;0.25;0.21899999999999997;0.059000000000000004;9.437000000000001;3.2030000000000003;13.7;7.507999999999999;7.928999999999999;;0.078;2.536;0.264;0.23399999999999999;0.047;9.579;3.23;14.429;7.744;8.0;0.419;0.42700000000000005;0.53;0.526;0.439;0.515;0.439
0.529;0.062;2.524;0.242;0.22;0.047;9.416;3.19;13.788;7.544;7.961;;0.067;2.501;0.254;0.22699999999999998;0.047;9.441;3.233;13.859000000000002;7.455;8.054;;0.07;2.501;0.245;0.223;0.049;9.39;3.18;15.98;7.5520000000000005;8.04;;0.063;2.519;0.24;0.22899999999999998;0.047;9.758;3.1919999999999997;13.749;7.43;7.914;0.433;0.429;0.522;0.528;0.433;0.541;0.444
0.524;0.078;2.528;0.257;0.215;0.047;9.496;3.2439999999999998;13.81;7.71;7.88;;0.07;2.4859999999999998;0.253;0.237;0.031;9.436;3.1719999999999997;13.7;7.457000000000001;7.983;;0.08800000000000001;2.4859999999999998;0.247;0.244;0.039;9.361;3.205;13.874;7.459;7.875;;0.078;2.523;0.255;0.24;0.047;9.4;3.1919999999999997;14.763;7.752999999999999;7.976;0.442;0.423;0.532;0.528;0.419;0.517;0.43799999999999994
0.517;0.078;2.4859999999999998;0.254;0.21600000000000003;0.047;9.446;3.1910000000000003;13.794;7.4510000000000005;7.88;;0.078;2.546;0.26;0.231;0.039;9.521;3.221;13.683;7.459;7.898;;0.078;2.497;0.245;0.23;0.047;9.399;3.2110000000000003;14.267999999999999;7.443;7.992999999999999;;0.078;2.487;0.261;0.22399999999999998;0.047;9.384;3.1910000000000003;14.747;7.457999999999999;7.8839999999999995;0.419;0.431;0.517;0.516;0.433;0.514;0.43799999999999994
0.523;0.073;2.5140000000000002;0.256;0.222;0.047;9.502;3.2;15.905999999999999;7.696000000000001;7.8660000000000005;;0.073;2.502;0.25;0.22699999999999998;0.051;9.389;3.241;14.647;7.477;7.921;;0.079;2.498;0.239;0.23399999999999999;0.048;9.506;3.239;14.812000000000001;7.439;7.8839999999999995;;0.078;2.489;0.24;0.24100000000000002;0.031;9.408999999999999;3.1910000000000003;15.899000000000001;7.447;7.981;0.45;0.424;0.528;0.524;0.425;0.522;0.42200000000000004
0.521;0.062;2.495;0.242;0.225;0.031;9.413;3.202;13.716;7.425;7.9;;0.08900000000000001;2.522;0.24100000000000002;0.235;0.047;9.502;3.215;15.333;7.722;7.888999999999999;;0.078;2.496;0.254;0.222;0.047;9.383;3.208;15.079;7.468999999999999;7.872999999999999;;0.063;2.512;0.25;0.223;0.047;9.437000000000001;3.215;14.04;7.422999999999999;7.855;0.44;0.42200000000000004;0.5379999999999999;0.517;0.418;0.531;0.442
0.519;0.078;2.498;0.24;0.21899999999999997;0.047;9.431000000000001;3.182;15.93;7.496;8.0;;0.063;2.488;0.253;0.231;0.047;9.391;3.2030000000000003;15.08;7.432;7.921;;0.084;2.53;0.258;0.22399999999999998;0.047;9.526;3.238;15.093;7.7;7.843;;0.078;2.519;0.252;0.233;0.047;9.435;3.1910000000000003;14.790999999999999;7.456;8.583;0.42100000000000004;0.433;0.531;0.528;0.41700000000000004;0.527;0.428
0.531;0.062;2.489;0.23399999999999999;0.233;0.031;9.39;3.228;15.185;7.428999999999999;7.84;;0.086;2.495;0.23399999999999999;0.24600000000000002;0.04;9.378;3.1719999999999997;14.905;7.631;8.011000000000001;;0.078;2.513;0.256;0.21899999999999997;0.06;9.387;3.2060000000000004;14.043;7.428;7.859;;0.069;2.522;0.25;0.242;0.047;9.488;3.222;14.905999999999999;7.696000000000001;7.874;0.415;0.43;0.537;0.517;0.435;0.518;0.42100000000000004
0.518;0.077;2.4859999999999998;0.243;0.23399999999999999;0.037000000000000005;9.427999999999999;3.197;14.998;7.438;8.006;;0.07200000000000001;2.488;0.23399999999999999;0.24600000000000002;0.047;9.363999999999999;3.1830000000000003;14.764000000000001;7.441;7.869;;0.071;2.526;0.252;0.222;0.047;9.427;3.177;15.883;7.746;8.1;;0.076;2.484;0.248;0.24;0.031;9.413;3.178;14.975;7.462000000000001;7.881;0.43;0.43;0.521;0.535;0.425;0.531;0.43799999999999994
0.531;0.067;2.535;0.23800000000000002;0.23;0.053;9.593;3.2039999999999997;13.999;7.534;7.892;;0.078;2.488;0.254;0.225;0.042;9.388;3.19;14.975;7.45;8.008;;0.078;2.4859999999999998;0.268;0.22699999999999998;0.031;9.413;3.21;14.834000000000001;7.479;7.892;;0.078;2.497;0.25;0.225;0.047;9.365;3.193;15.948;7.617000000000001;8.024;0.425;0.43700000000000006;0.516;0.517;0.418;0.516;0.43
0.511;0.078;2.52;0.25;0.23;0.047;9.498;3.238;15.091;7.746;7.853;;0.062;2.533;0.252;0.217;0.047;9.402999999999999;3.173;14.895999999999999;7.439;7.945;;0.073;2.488;0.23399999999999999;0.249;0.045;9.378;3.23;14.859000000000002;7.456;7.85;;0.063;2.502;0.25;0.22;0.047;9.392000000000001;3.182;15.860999999999999;7.653;8.007;0.43200000000000005;0.435;0.547;0.5329999999999999;0.423;0.5329999999999999;0.43
0.536;0.063;2.512;0.254;0.21899999999999997;0.047;9.433;3.213;15.455;7.481;7.867999999999999;;0.08800000000000001;2.548;0.23800000000000002;0.251;0.036000000000000004;9.579;3.2289999999999996;14.937000000000001;7.763;7.917999999999999;;0.078;2.511;0.251;0.22399999999999998;0.047;9.427;3.177;15.046;7.5089999999999995;8.041;;0.078;2.504;0.248;0.21899999999999997;0.063;9.443;3.187;15.408;7.476;7.907;0.44;0.41600000000000004;0.531;0.525;0.439;0.522;0.45
0.523;0.078;2.54;0.23800000000000002;0.22399999999999998;0.047;9.511000000000001;3.188;15.989;7.709;8.062999999999999;;0.078;2.5069999999999997;0.262;0.23399999999999999;0.031;9.445;3.218;15.012;7.496;7.957999999999999;;0.08199999999999999;2.552;0.25;0.22399999999999998;0.057999999999999996;9.541;3.242;15.020999999999999;7.728;7.94;;0.078;2.49;0.237;0.245;0.031;9.447000000000001;3.2060000000000004;14.970999999999998;7.456;8.045;0.429;0.434;0.531;0.524;0.439;0.534;0.43200000000000005
0.534;0.063;2.513;0.254;0.23399999999999999;0.031;9.527000000000001;3.227;15.017000000000001;7.482;7.947;;0.063;2.528;0.263;0.22399999999999998;0.054000000000000006;9.463;3.197;16.0;7.725;8.027999999999999;;0.063;2.512;0.263;0.225;0.047;9.48;3.1889999999999996;15.109000000000002;7.492000000000001;7.9510000000000005;;0.077;2.5469999999999997;0.25;0.237;0.047;9.554;3.238;15.047;7.64;8.019;0.42200000000000004;0.43799999999999994;0.542;0.5379999999999999;0.43700000000000006;0.54;0.43200000000000005
0.513;0.078;2.512;0.25;0.21;0.047;9.49;3.196;15.419;7.494;8.071;;0.083;2.496;0.26;0.223;0.057999999999999996;9.461;3.208;15.392000000000001;7.489;7.932;;0.086;2.543;0.259;0.24;0.031;9.504;3.2060000000000004;16.012;7.737;8.024;;0.078;2.508;0.253;0.223;0.055;9.433;3.207;13.982000000000001;7.506;7.946000000000001;0.439;0.43799999999999994;0.525;0.528;0.43700000000000006;0.526;0.436
0.532;0.063;2.541;0.259;0.214;0.047;9.617;3.2289999999999996;15.015999999999998;7.564;7.976;;0.078;2.524;0.242;0.23399999999999999;0.055999999999999994;9.619;3.222;15.265999999999998;7.4910000000000005;8.06;;0.078;2.498;0.255;0.21899999999999997;0.047;9.432;3.19;15.192;7.596;7.946000000000001;;0.078;2.54;0.259;0.24100000000000002;0.031;9.426;3.187;16.307000000000002;7.771;7.946000000000001;0.43799999999999994;0.42700000000000005;0.523;0.525;0.433;0.521;0.447
0.516;0.062;2.499;0.23800000000000002;0.23399999999999999;0.031;9.372;3.173;15.335999999999999;7.445;7.856;;0.084;2.553;0.25;0.235;0.047;9.531;3.221;14.982999999999999;7.602;7.874;;0.077;2.488;0.248;0.228;0.054000000000000006;9.416;3.2039999999999997;15.216;7.473;8.01;;0.08;2.485;0.252;0.23399999999999999;0.047;9.373;3.2060000000000004;15.219000000000001;7.428;7.86;0.415;0.426;0.53;0.5329999999999999;0.429;0.537;0.43700000000000006
0.525;0.078;2.548;0.253;0.25;0.036000000000000004;9.493;3.218;16.003;7.406000000000001;8.155;;0.078;2.496;0.253;0.23800000000000002;0.047;9.416;3.179;16.602999999999998;7.318;8.021;;0.064;2.502;0.25;0.25;0.047;9.389;3.1860000000000004;16.605;7.317;7.917999999999999;;0.078;2.513;0.25;0.26;0.031;9.405;3.176;17.875;7.565;7.959;0.43;0.431;0.537;0.535;0.43;0.545;0.42200000000000004
0.518;0.063;2.495;0.25;0.242;0.047;9.357000000000001;3.1710000000000003;16.844;7.308;7.912999999999999;;0.078;2.543;0.257;0.23399999999999999;0.047;9.53;3.216;16.785999999999998;7.513999999999999;7.893;;0.078;2.501;0.245;0.255;0.047;9.398;3.194;16.802;7.303999999999999;8.032;;0.062;2.498;0.253;0.235;0.047;9.424;3.1910000000000003;16.585;7.314;7.871;0.418;0.42100000000000004;0.541;0.535;0.426;0.534;0.456
0.515;0.075;2.521;0.242;0.23800000000000002;0.047;9.369;3.1660000000000004;16.909000000000002;7.522;8.054;;0.078;2.511;0.257;0.23399999999999999;0.047;9.356;3.201;15.561;7.314;7.888;;0.067;2.546;0.247;0.251;0.037000000000000005;9.52;3.227;14.815;7.638;7.874;;0.063;2.494;0.258;0.23399999999999999;0.047;9.58;3.1630000000000003;14.839;7.329;8.016;0.434;0.43700000000000006;0.5379999999999999;0.52;0.434;0.5329999999999999;0.42200000000000004
0.531;0.063;2.496;0.251;0.222;0.047;9.388;3.17;14.825999999999999;7.32;7.922000000000001;;0.078;2.523;0.244;0.23399999999999999;0.047;9.402000000000001;3.1860000000000004;16.944000000000003;7.59;8.017000000000001;;0.062;2.497;0.253;0.25;0.047;9.387;3.1719999999999997;16.949;7.349;7.9;;0.078;2.54;0.259;0.25;0.047;9.515;3.216;16.897000000000002;7.6370000000000005;7.922000000000001;0.419;0.418;0.5379999999999999;0.523;0.435;0.531;0.42700000000000005
0.517;0.062;2.502;0.247;0.23800000000000002;0.047;9.384;3.196;14.81;7.335;8.015;;0.07400000000000001;2.498;0.251;0.24100000000000002;0.043;9.383;3.1910000000000003;14.789000000000001;7.329;7.867000000000001;;0.078;2.5269999999999997;0.255;0.248;0.031;9.385;3.1910000000000003;17.942999999999998;7.537999999999999;8.023;;0.063;2.498;0.254;0.23399999999999999;0.047;9.386000000000001;3.173;16.211;7.33;7.906000000000001;0.43200000000000005;0.43200000000000005;0.53;0.534;0.431;0.535;0.434
0.531;0.063;2.533;0.251;0.235;0.047;9.494;3.2239999999999998;16.974;7.586;7.912999999999999;;0.059000000000000004;2.531;0.247;0.237;0.047;9.378;3.176;16.559;7.332000000000001;8.004;;0.078;2.4859999999999998;0.25;0.25;0.047;9.392000000000001;3.239;16.905;7.327000000000001;7.888;;0.077;2.504;0.25;0.24600000000000002;0.047;9.379;3.201;17.782;7.392;8.023;0.42200000000000004;0.418;0.53;0.532;0.42100000000000004;0.517;0.43200000000000005
0.508;0.078;2.4859999999999998;0.258;0.228;0.047;9.382;3.177;16.837;7.314;8.04;;0.078;2.525;0.271;0.235;0.059000000000000004;9.506;3.24;17.213;7.64;7.88;;0.078;2.5;0.25;0.235;0.047;9.376;3.181;14.842;7.354;7.944;;0.078;2.503;0.25;0.23399999999999999;0.047;9.454;3.213;16.781;7.343999999999999;7.9239999999999995;0.439;0.42700000000000005;0.515;0.529;0.424;0.535;0.42700000000000005
0.527;0.063;2.487;0.255;0.231;0.031;9.392999999999999;3.1719999999999997;15.773;7.369;8.013;;0.078;2.513;0.284;0.261;0.047;9.392999999999999;3.185;16.886;7.357;7.943;;0.063;2.56;0.254;0.23199999999999998;0.047;9.507;3.247;17.969;7.572;7.879;;0.066;2.5180000000000002;0.245;0.239;0.047;9.379;3.1830000000000003;14.136;7.372000000000001;7.9270000000000005;0.469;0.426;0.531;0.5379999999999999;0.41700000000000004;0.5429999999999999;0.442
0.54;0.063;2.491;0.23800000000000002;0.244;0.031;9.44;3.238;14.765;7.308;7.874;;0.063;2.502;0.258;0.22699999999999998;0.055;9.352;3.197;16.475;7.369;8.031;;0.078;2.495;0.257;0.235;0.031;9.384;3.1919999999999997;15.534;7.325;7.897;;0.078;2.537;0.24;0.242;0.047;9.519;3.213;15.98;7.617999999999999;7.902;0.424;0.44299999999999995;0.531;0.528;0.43200000000000005;0.521;0.44
0.527;0.08;2.49;0.255;0.225;0.047;9.374;3.194;15.533;7.348;7.933;;0.062;2.535;0.25;0.25;0.047;9.541;3.219;15.606;7.516;8.036;;0.062;2.496;0.254;0.237;0.047;9.387;3.1719999999999997;17.025;7.441;8.065;;0.078;2.525;0.24100000000000002;0.249;0.047;9.432;3.174;17.614;7.58;7.992999999999999;0.43799999999999994;0.42;0.534;0.534;0.441;0.527;0.43
0.522;0.055;2.503;0.25;0.233;0.032;9.37;3.1889999999999996;15.585;7.3229999999999995;7.869;;0.078;2.529;0.249;0.23600000000000002;0.047;9.538;3.2110000000000003;14.841;7.44;7.892;;0.078;2.497;0.255;0.25;0.047;9.4;3.1910000000000003;16.892;7.311;8.052999999999999;;0.086;2.502;0.24;0.25;0.047;9.383;3.176;14.875;7.3260000000000005;7.888;0.41600000000000004;0.431;0.528;0.527;0.43;0.525;0.439
0.535;0.063;2.544;0.256;0.23;0.031;9.464;3.1910000000000003;15.785;7.599;7.952999999999999;;0.07400000000000001;2.56;0.257;0.247;0.046;9.416;3.1910000000000003;16.847;7.605;7.905;;0.078;2.539;0.259;0.242;0.047;9.517999999999999;3.2239999999999998;16.881;7.695;7.8870000000000005;;0.086;2.494;0.243;0.25;0.046;9.43;3.197;14.884;7.335;8.023;0.43700000000000006;0.43;0.513;0.539;0.44;0.531;0.435
0.5329999999999999;0.063;2.485;0.26;0.22399999999999998;0.047;9.369;3.185;14.825;7.351;7.917999999999999;;0.085;2.542;0.252;0.25;0.032;9.418;3.173;15.88;7.622000000000001;7.992000000000001;;0.062;2.502;0.262;0.23600000000000002;0.047;9.41;3.19;16.634;7.311;7.89;;0.078;2.528;0.255;0.25;0.047;9.496;3.237;16.187;7.529;7.914;0.424;0.429;0.534;0.534;0.43;0.5329999999999999;0.429
0.52;0.063;2.503;0.251;0.23399999999999999;0.047;9.404;3.17;16.308;7.327000000000001;8.014;;0.062;2.502;0.262;0.23399999999999999;0.06;9.36;3.175;16.184;7.381;7.899;;0.078;2.502;0.265;0.251;0.031;9.417;3.175;17.174;7.57;8.007;;0.062;2.498;0.254;0.23399999999999999;0.047;9.385;3.207;16.22;7.303;7.886;0.431;0.439;0.534;0.547;0.426;0.547;0.45299999999999996
0.536;0.063;2.544;0.242;0.23399999999999999;0.047;9.497;3.205;14.842;7.519;7.985;;0.078;2.502;0.25;0.235;0.047;9.423;3.1710000000000003;14.915;7.337999999999999;8.073;;0.075;2.502;0.252;0.253;0.046;9.392000000000001;3.179;16.78;7.336;7.922000000000001;;0.078;2.512;0.265;0.24;0.047;9.37;3.178;17.776;7.569;8.016;0.429;0.41200000000000003;0.526;0.513;0.423;0.535;0.426
0.53;0.063;2.491;0.249;0.248;0.031;9.405;3.2060000000000004;16.237000000000002;7.306;7.912999999999999;;0.073;2.548;0.255;0.263;0.047;9.517999999999999;3.228;16.951;7.575;7.888;;0.087;2.5069999999999997;0.248;0.248;0.047;9.402999999999999;3.173;16.581;7.312;8.04;;0.078;2.504;0.248;0.233;0.047;9.371;3.261;16.561;7.325;7.999;0.415;0.41200000000000003;0.527;0.535;0.42700000000000005;0.521;0.431
0.516;0.075;2.502;0.251;0.21899999999999997;0.047;9.377;3.165;17.767;7.511;8.482000000000001;;0.075;2.499;0.23399999999999999;0.244;0.047;9.38;3.187;16.664;7.316;7.907;;0.078;2.519;0.266;0.23399999999999999;0.047;9.497;3.342;16.934;7.647;7.875;;0.078;2.5380000000000003;0.259;0.244;0.04;9.501;3.1839999999999997;16.579;7.381;8.186;0.418;0.45399999999999996;0.544;0.539;0.445;0.527;0.439
0.537;0.068;2.521;0.23199999999999998;0.249;0.031;9.464;3.222;16.735;7.341;7.904;;0.078;2.487;0.252;0.233;0.047;9.405;3.199;17.422;7.358;8.007;;0.063;2.498;0.264;0.253;0.031;9.363999999999999;3.196;16.82;7.337999999999999;7.957000000000001;;0.078;2.537;0.263;0.248;0.048;9.502;3.1839999999999997;17.427;7.606;7.894;0.436;0.444;0.525;0.525;0.43799999999999994;0.5379999999999999;0.43200000000000005
0.519;0.075;2.5;0.237;0.23399999999999999;0.055;9.363;3.207;16.805999999999997;7.3660000000000005;7.867000000000001;;0.078;2.5;0.252;0.235;0.06;9.525;3.24;16.586;7.31;7.907;;0.063;2.511;0.265;0.23800000000000002;0.047;9.402000000000001;3.2039999999999997;16.06;7.39;7.999;;0.077;2.489;0.25;0.235;0.055999999999999994;9.389;3.187;15.514000000000001;7.327999999999999;7.892;0.43700000000000006;0.429;0.525;0.534;0.426;0.55;0.444
0.526;0.063;2.522;0.251;0.244;0.047;9.469;3.2;16.382;7.562;7.875;;0.08800000000000001;2.4930000000000003;0.25;0.242;0.047;9.363;3.1910000000000003;15.606;7.364;7.874;;0.078;2.502;0.249;0.237;0.047;9.516;3.216;14.825;7.32;7.903;;0.062;2.499;0.253;0.233;0.047;9.366;3.2;15.493;7.347;8.038;0.439;0.42;0.529;0.515;0.42700000000000005;0.516;0.43200000000000005
0.534;0.063;2.502;0.23399999999999999;0.23600000000000002;0.047;9.5;3.1830000000000003;14.873;7.31;7.946000000000001;;0.078;2.533;0.263;0.237;0.051;9.517000000000001;3.2119999999999997;15.706;7.61;7.9239999999999995;;0.078;2.494;0.258;0.231;0.047;9.396;3.1919999999999997;14.857000000000001;7.396;7.954;;0.078;2.503;0.25;0.242;0.047;9.496;3.221;16.765;7.32;7.901;0.434;0.425;0.524;0.542;0.436;0.525;0.44
0.526;0.067;2.489;0.23600000000000002;0.253;0.040999999999999995;9.382;3.1830000000000003;17.542;7.337000000000001;8.007;;0.078;2.5069999999999997;0.25;0.247;0.047;9.389;3.17;17.424;7.35;7.968999999999999;;0.063;2.552;0.25;0.249;0.047;9.494;3.1919999999999997;17.735;7.477;7.897;;0.076;2.498;0.249;0.249;0.038;9.402999999999999;3.1830000000000003;16.632;7.327999999999999;7.9;0.42200000000000004;0.43;0.5329999999999999;0.531;0.425;0.547;0.424
0.532;0.071;2.532;0.25;0.251;0.031;9.504;3.2119999999999997;16.83;7.3;7.925;;0.08900000000000001;2.4859999999999998;0.257;0.247;0.031;9.411;3.1889999999999996;16.955;7.343999999999999;8.038;;0.06;2.502;0.25;0.247;0.035;9.384;3.187;16.889;7.301;7.899;;0.08199999999999999;2.55;0.245;0.255;0.031;9.411;3.1910000000000003;17.590999999999998;7.574;7.922999999999999;0.44;0.434;0.535;0.528;0.43799999999999994;0.537;0.44
0.525;0.063;2.492;0.23600000000000002;0.24600000000000002;0.031;9.376;3.1910000000000003;15.985999999999999;7.308;7.888;;0.08;2.565;0.24600000000000002;0.239;0.047;9.507;3.225;14.885;7.5089999999999995;8.037;;0.063;2.51;0.245;0.23800000000000002;0.042;9.402000000000001;3.19;15.040999999999999;7.327000000000001;8.042;;0.068;2.4859999999999998;0.26899999999999996;0.243;0.047;9.367;3.1860000000000004;16.6;7.343999999999999;7.904;0.41700000000000004;0.43799999999999994;0.542;0.528;0.434;0.525;0.43700000000000006
0.5329999999999999;0.067;2.543;0.262;0.23399999999999999;0.031;9.39;3.19;17.526;7.599;7.922000000000001;;0.078;2.505;0.252;0.231;0.047;9.385;3.182;16.849;7.315;7.877999999999999;;0.078;2.555;0.26;0.25;0.048;9.498;3.216;16.768;7.6160000000000005;7.903;;0.067;2.504;0.249;0.25;0.047;9.418;3.173;16.664;7.332000000000001;8.019;0.449;0.429;0.531;0.521;0.43799999999999994;0.5329999999999999;0.42200000000000004
0.516;0.086;2.479;0.252;0.24;0.031;9.362;3.182;14.841;7.351;7.89;;0.07400000000000001;2.51;0.258;0.23800000000000002;0.059000000000000004;9.407;3.175;15.793;7.562;7.996;;0.067;2.499;0.237;0.259;0.038;9.386000000000001;3.173;16.91;7.331;7.882999999999999;;0.063;2.546;0.258;0.247;0.031;9.544;3.22;16.598;7.558;7.898;0.426;0.428;0.536;0.5479999999999999;0.44299999999999995;0.528;0.439
0.527;0.062;2.48;0.26;0.228;0.031;9.395;3.165;16.542;7.341;8.029;;0.063;2.5;0.248;0.24;0.047;9.368;3.1919999999999997;15.07;7.374;7.89;;0.084;2.522;0.254;0.25;0.047;9.385;3.178;17.847;7.575;8.014;;0.067;2.503;0.252;0.244;0.047;9.388;3.19;16.654;7.325;7.867999999999999;0.43200000000000005;0.435;0.541;0.5329999999999999;0.433;0.5329999999999999;0.424
0.532;0.078;2.5180000000000002;0.257;0.233;0.055999999999999994;9.481;3.235;17.004;7.595;7.894;;0.078;2.506;0.251;0.243;0.047;9.407;3.1910000000000003;16.782;7.319;8.015;;0.078;2.516;0.252;0.23399999999999999;0.048;9.373;3.217;14.837;7.324;7.914;;0.079;2.487;0.25;0.244;0.045;9.379;3.1889999999999996;15.790999999999999;7.56;8.024;0.44299999999999995;0.43;0.526;0.544;0.433;0.53;0.426
0.518;0.078;2.5;0.248;0.23800000000000002;0.031;9.392999999999999;3.197;16.923;7.351;7.89;;0.078;2.539;0.243;0.261;0.036000000000000004;9.529;3.218;16.921;7.567;7.888999999999999;;0.078;2.517;0.254;0.247;0.031;9.386000000000001;3.1889999999999996;16.759;7.337000000000001;8.0;;0.062;2.503;0.25;0.24600000000000002;0.047;9.505;3.237;16.565;7.345;7.8839999999999995;0.418;0.43;0.537;0.536;0.41600000000000004;0.53;0.436
0.515;0.062;2.498;0.259;0.21899999999999997;0.047;9.375;3.176;17.472;7.376;8.014;;0.078;2.5140000000000002;0.254;0.23399999999999999;0.047;9.389;3.1710000000000003;16.838;7.312;7.9239999999999995;;0.063;2.548;0.25;0.252;0.047;9.498;3.202;17.07;7.586;7.905;;0.071;2.519;0.23399999999999999;0.258;0.039;9.39;3.22;16.891;7.399;7.956;0.426;0.433;0.522;0.531;0.426;0.547;0.44
0.521;0.062;2.454;0.235;0.23399999999999999;0.047;9.397;3.22;16.660999999999998;7.34;7.867999999999999;;0.078;2.455;0.25;0.23399999999999999;0.047;9.253;3.158;17.229;7.346;7.946000000000001;;0.063;2.4859999999999998;0.25;0.23399999999999999;0.047;9.271;3.1630000000000003;17.441;7.327999999999999;7.837999999999999;;0.062;2.517;0.25;0.25;0.047;9.433;3.158;16.272000000000002;7.611000000000001;7.754;0.43799999999999994;0.42200000000000004;0.531;0.516;0.43799999999999994;0.532;0.42200000000000004
0.531;0.063;2.47;0.235;0.25;0.031;9.238999999999999;3.174;15.581;7.392;7.8020000000000005;;0.063;2.471;0.25;0.25;0.031;9.389;3.205;14.13;7.33;7.8020000000000005;;0.063;2.502;0.266;0.235;0.047;9.286;3.14;14.942;7.349;7.938;;0.063;2.47;0.25;0.244;0.047;9.259;3.174;14.945;7.315;7.864;0.42200000000000004;0.42200000000000004;0.531;0.534;0.43799999999999994;0.532;0.43799999999999994
0.531;0.063;2.517;0.235;0.23399999999999999;0.047;9.427;3.205;15.331;7.58;7.77;;0.078;2.47;0.25;0.23399999999999999;0.047;9.286;3.1519999999999997;14.927;7.361000000000001;7.832999999999999;;0.063;2.47;0.23399999999999999;0.25;0.047;9.302;3.205;16.235;7.327999999999999;7.789;;0.078;2.47;0.25;0.235;0.047;9.27;3.16;16.659000000000002;7.361000000000001;7.955;0.43799999999999994;0.42200000000000004;0.516;0.516;0.42200000000000004;0.531;0.42200000000000004
0.516;0.078;2.47;0.25;0.21899999999999997;0.047;9.315;3.158;15.552999999999999;7.33;7.814;;0.078;2.517;0.25;0.23399999999999999;0.047;9.434;3.205;15.798;7.562;7.7989999999999995;;0.078;2.4859999999999998;0.25;0.23399999999999999;0.051;9.259;3.142;15.584000000000001;7.33;7.8629999999999995;;0.078;2.47;0.25;0.235;0.047;9.238999999999999;3.205;15.552999999999999;7.357;7.7829999999999995;0.42200000000000004;0.42200000000000004;0.516;0.531;0.43799999999999994;0.531;0.42200000000000004
0.516;0.078;2.454;0.235;0.23399999999999999;0.047;9.224;3.142;16.927;7.439;7.957999999999999;;0.078;2.472;0.235;0.23399999999999999;0.047;9.269;3.156;14.967;7.32;7.817;;0.079;2.532;0.25;0.23399999999999999;0.047;9.446;3.1889999999999996;14.969000000000001;7.58;7.7860000000000005;;0.078;2.4530000000000003;0.25;0.23399999999999999;0.047;9.283999999999999;3.142;14.897;7.345;7.957999999999999;0.43799999999999994;0.42200000000000004;0.516;0.516;0.42200000000000004;0.516;0.42200000000000004
0.516;0.078;2.455;0.25;0.235;0.031;9.282;3.142;15.565999999999999;7.329;7.7860000000000005;;0.063;2.517;0.25;0.21899999999999997;0.047;9.3;3.158;16.084;7.971;7.966;;0.062;2.47;0.23399999999999999;0.25;0.047;9.335;3.158;16.659000000000002;7.314;7.81;;0.078;2.517;0.25;0.25;0.047;9.448;3.236;16.913;7.565;7.832000000000001;0.42200000000000004;0.42200000000000004;0.532;0.55;0.43799999999999994;0.532;0.42200000000000004
0.516;0.078;2.484;0.25;0.23399999999999999;0.047;9.286;3.142;16.819000000000003;7.297999999999999;7.957999999999999;;0.078;2.47;0.25;0.235;0.047;9.271;3.174;16.809;7.329;7.784;;0.078;2.47;0.25;0.23399999999999999;0.047;9.267000000000001;3.142;17.794;7.4239999999999995;7.973;;0.061;2.5180000000000002;0.249;0.26;0.039;9.437999999999999;3.196;16.887;7.667000000000001;7.7989999999999995;0.43799999999999994;0.40700000000000003;0.528;0.516;0.42200000000000004;0.516;0.42200000000000004
0.539;0.063;2.544;0.24;0.23399999999999999;0.047;9.588;3.221;16.945999999999998;7.606;7.921;;0.078;2.496;0.247;0.24100000000000002;0.047;9.394;3.1830000000000003;16.499000000000002;7.367000000000001;7.945;;0.062;2.51;0.25;0.24;0.047;9.551;3.222;16.702;7.32;7.938;;0.078;2.505;0.242;0.24;0.047;9.366;3.177;17.399;7.355;8.055;0.424;0.41600000000000004;0.531;0.527;0.44;0.54;0.45299999999999996
0.524;0.062;2.508;0.235;0.24;0.047;9.363;3.174;16.526;7.327999999999999;7.934;;0.078;2.543;0.257;0.23399999999999999;0.053;9.505;3.2110000000000003;15.609000000000002;7.629;7.894;;0.078;2.495;0.258;0.25;0.031;9.369;3.175;16.634;7.398;7.9079999999999995;;0.07200000000000001;2.495;0.257;0.24;0.057999999999999996;9.463;3.221;16.590999999999998;7.313;7.947;0.442;0.418;0.5429999999999999;0.519;0.429;0.521;0.423
0.521;0.076;2.502;0.23399999999999999;0.23399999999999999;0.048;9.383;3.187;15.620999999999999;7.332000000000001;8.045;;0.063;2.5180000000000002;0.247;0.23800000000000002;0.047;9.4;3.1830000000000003;14.825999999999999;7.3020000000000005;7.968999999999999;;0.078;2.536;0.259;0.23399999999999999;0.048;9.531;3.2039999999999997;15.372;7.619;7.9110000000000005;;0.063;2.5180000000000002;0.257;0.23;0.055;9.366;3.2;14.845;7.357;7.983;0.439;0.435;0.5329999999999999;0.535;0.433;0.53;0.433
0.512;0.07200000000000001;2.495;0.249;0.23;0.047;9.42;3.2060000000000004;15.999;7.3229999999999995;7.928999999999999;;0.064;2.516;0.252;0.231;0.05;9.389;3.173;15.825;7.379;8.039;;0.063;2.497;0.253;0.254;0.031;9.39;3.1889999999999996;16.596;7.332999999999999;7.96;;0.07;2.533;0.25;0.25;0.047;9.527999999999999;3.2030000000000003;17.403;7.577999999999999;7.946000000000001;0.434;0.424;0.5329999999999999;0.528;0.43200000000000005;0.527;0.428
0.531;0.076;2.488;0.252;0.233;0.053;9.353;3.175;16.752;7.343;7.899;;0.065;2.489;0.258;0.23800000000000002;0.047;9.498;3.218;16.555999999999997;7.33;7.903;;0.078;2.502;0.256;0.23399999999999999;0.031;9.369;3.1919999999999997;17.254;7.316;8.045;;0.078;2.502;0.254;0.231;0.047;9.384;3.1719999999999997;15.043;7.336;7.93;0.44;0.42700000000000005;0.516;0.542;0.41100000000000003;0.529;0.431
0.527;0.062;2.539;0.25;0.243;0.047;9.485;3.22;17.369;7.546;7.906000000000001;;0.063;2.503;0.251;0.24600000000000002;0.047;9.389;3.1860000000000004;16.178;7.352;7.94;;0.079;2.499;0.23800000000000002;0.25;0.052000000000000005;9.521;3.221;16.588;7.314;7.896;;0.076;2.498;0.245;0.245;0.047;9.357999999999999;3.217;17.42;7.319;8.029;0.434;0.433;0.544;0.53;0.43799999999999994;0.521;0.436
0.528;0.069;2.517;0.23399999999999999;0.237;0.048;9.35;3.1889999999999996;16.589000000000002;7.332999999999999;7.928999999999999;;0.069;2.546;0.256;0.244;0.031;9.49;3.178;17.598;7.62;7.921;;0.062;2.509;0.23800000000000002;0.257;0.047;9.367;3.1910000000000003;16.925;7.34;7.888;;0.066;2.536;0.25;0.24600000000000002;0.047;9.513;3.219;16.766;7.422999999999999;7.917000000000001;0.424;0.418;0.542;0.537;0.419;0.5379999999999999;0.434
0.523;0.081;2.49;0.24100000000000002;0.254;0.031;9.392000000000001;3.174;17.741;7.332000000000001;8.047;;0.059000000000000004;2.502;0.257;0.22699999999999998;0.047;9.38;3.19;16.502;7.355;7.93;;0.087;2.516;0.244;0.257;0.04;9.379;3.173;17.993;7.626;7.996;;0.063;2.498;0.253;0.25;0.039;9.411;3.2060000000000004;16.812;7.327999999999999;7.907;0.42200000000000004;0.433;0.528;0.524;0.446;0.523;0.43200000000000005
0.537;0.063;2.528;0.251;0.253;0.047;9.506;3.219;16.559;7.621;7.891;;0.064;2.503;0.249;0.23399999999999999;0.047;9.415;3.159;16.5;7.31;8.006;;0.078;2.4930000000000003;0.24600000000000002;0.25;0.047;9.427;3.1860000000000004;14.982000000000001;7.311;7.9270000000000005;;0.063;2.522;0.25;0.247;0.047;9.387;3.197;17.761;7.459;8.016;0.446;0.423;0.547;0.541;0.428;0.514;0.419
0.525;0.078;2.494;0.251;0.239;0.047;9.38;3.195;16.632;7.3260000000000005;7.949;;0.07200000000000001;2.545;0.253;0.23399999999999999;0.047;9.496;3.2230000000000003;14.982000000000001;7.569;7.91;;0.078;2.512;0.247;0.23399999999999999;0.047;9.417;3.178;15.061;7.311;8.032;;0.078;2.528;0.252;0.23399999999999999;0.047;9.435;3.187;14.847000000000001;7.319;7.922999999999999;0.43;0.424;0.53;0.547;0.439;0.523;0.419
0.535;0.063;2.521;0.23199999999999998;0.24;0.047;9.365;3.188;15.879000000000001;7.5760000000000005;8.088;;0.062;2.5140000000000002;0.254;0.226;0.047;9.379;3.187;14.883;7.32;7.916;;0.069;2.532;0.244;0.242;0.047;9.502;3.2289999999999996;14.805;7.497000000000001;7.922000000000001;;0.078;2.498;0.263;0.223;0.047;9.433;3.1889999999999996;14.908;7.337000000000001;8.054;0.452;0.42700000000000005;0.531;0.546;0.413;0.5429999999999999;0.434
0.527;0.075;2.471;0.263;0.221;0.053;9.354;3.1910000000000003;14.849;7.314;7.891;;0.063;2.543;0.252;0.257;0.043;9.449;3.23;15.800999999999998;7.597;7.976;;0.062;2.5180000000000002;0.251;0.23199999999999998;0.047;9.402000000000001;3.1839999999999997;14.911;7.337999999999999;7.891;;0.078;2.537;0.263;0.23399999999999999;0.055999999999999994;9.509;3.235;14.837;7.327999999999999;7.905;0.423;0.42;0.529;0.5479999999999999;0.439;0.529;0.43
0.527;0.062;2.489;0.261;0.23399999999999999;0.045;9.357999999999999;3.1910000000000003;15.185;7.313;7.984;;0.081;2.504;0.247;0.228;0.055;9.406;3.1889999999999996;14.852;7.332999999999999;7.914;;0.078;2.54;0.26;0.24100000000000002;0.043;9.49;3.196;15.827;7.593;7.906000000000001;;0.081;2.491;0.26;0.23399999999999999;0.047;9.397;3.18;14.887;7.346;7.925;0.444;0.43799999999999994;0.518;0.523;0.423;0.524;0.423
0.537;0.057999999999999996;2.533;0.25;0.235;0.031;9.619;3.1910000000000003;15.455;7.568;8.016;;0.078;2.488;0.25;0.247;0.047;9.356;3.187;15.386;7.335;7.888999999999999;;0.078;2.498;0.254;0.228;0.047;9.504;3.22;15.388;7.349;7.87;;0.078;2.4930000000000003;0.252;0.23399999999999999;0.053;9.415;3.188;15.179;7.331;8.017000000000001;0.442;0.435;0.522;0.531;0.435;0.518;0.44
0.52;0.062;2.496;0.23800000000000002;0.23399999999999999;0.047;9.419;3.207;15.806;7.3420000000000005;7.912999999999999;;0.07200000000000001;2.5269999999999997;0.251;0.23600000000000002;0.047;9.516;3.201;15.558;7.574;7.877000000000001;;0.07200000000000001;2.487;0.252;0.23399999999999999;0.047;9.374;3.1889999999999996;15.311;7.386;7.89;;0.078;2.497;0.259;0.226;0.048;9.491;3.2319999999999998;15.655;7.32;7.907;0.439;0.419;0.522;0.545;0.43700000000000006;0.518;0.428
0.528;0.078;2.488;0.245;0.23600000000000002;0.031;9.429;3.175;16.814;7.327999999999999;7.9910000000000005;;0.09;2.49;0.23399999999999999;0.25;0.047;9.394;3.188;15.949000000000002;7.362;7.899;;0.078;2.5380000000000003;0.25;0.23600000000000002;0.047;9.533999999999999;3.1910000000000003;16.667;7.622999999999999;7.892;;0.081;2.512;0.251;0.237;0.047;9.496;3.234;15.372;7.4479999999999995;7.867000000000001;0.423;0.428;0.536;0.509;0.42200000000000004;0.515;0.42200000000000004
0.535;0.054000000000000006;2.494;0.254;0.23600000000000002;0.031;9.47;3.216;14.975;7.318;7.922000000000001;;0.063;2.502;0.25;0.235;0.05;9.382;3.185;16.521;7.329;8.016;;0.062;2.497;0.244;0.24600000000000002;0.031;9.381;3.18;14.998;7.336;7.9239999999999995;;0.063;2.542;0.242;0.244;0.047;9.532;3.202;15.831;7.59;7.8839999999999995;0.435;0.435;0.5379999999999999;0.523;0.447;0.5329999999999999;0.43200000000000005
0.526;0.06;2.502;0.243;0.21899999999999997;0.039;9.414;3.199;15.780999999999999;7.39;7.9239999999999995;;0.078;2.488;0.239;0.22899999999999998;0.047;9.487;3.214;14.955;7.347;7.879;;0.067;2.508;0.243;0.23399999999999999;0.05;9.365;3.187;16.027;7.375;7.978;;0.062;2.511;0.251;0.23399999999999999;0.047;9.385;3.2039999999999997;16.275;7.319;7.921;0.43700000000000006;0.433;0.527;0.531;0.42100000000000004;0.534;0.456
0.531;0.076;2.521;0.244;0.243;0.04;9.546;3.217;16.405;7.564;7.877999999999999;;0.076;2.477;0.25;0.251;0.039;9.408999999999999;3.1710000000000003;15.637;7.365;7.881;;0.078;2.502;0.249;0.23600000000000002;0.047;9.447000000000001;3.2230000000000003;14.805;7.343;7.93;;0.063;2.498;0.252;0.23399999999999999;0.047;9.402000000000001;3.201;15.843;7.367000000000001;8.02;0.42200000000000004;0.418;0.535;0.529;0.419;0.516;0.42200000000000004
0.517;0.076;2.494;0.256;0.235;0.034;9.362;3.1839999999999997;14.763;7.318;7.899;;0.07200000000000001;2.543;0.244;0.247;0.047;9.503;3.215;14.394;7.575;7.88;;0.086;2.505;0.251;0.247;0.038;9.395;3.2060000000000004;14.436;7.337000000000001;7.941;;0.071;2.4930000000000003;0.257;0.23600000000000002;0.045;9.37;3.197;14.159;7.303999999999999;7.874;0.428;0.42700000000000005;0.532;0.534;0.431;0.519;0.44
0.521;0.078;2.511;0.259;0.21899999999999997;0.047;9.399;3.187;15.218;7.542999999999999;8.013;;0.076;2.487;0.262;0.235;0.033;9.423;3.1860000000000004;14.513;7.301;7.881;;0.08900000000000001;2.528;0.243;0.249;0.035;9.516;3.233;14.198;7.466;7.881;;0.078;2.487;0.25;0.23399999999999999;0.047;9.422;3.1719999999999997;15.699000000000002;7.312;7.985;0.44;0.42200000000000004;0.532;0.529;0.41700000000000004;0.527;0.424
0.528;0.063;2.536;0.247;0.249;0.047;9.509;3.237;15.174000000000001;7.34;7.864;;0.083;2.589;0.25;0.251;0.047;9.425;3.195;15.187000000000001;7.629;8.112;;0.078;2.502;0.244;0.24100000000000002;0.031;9.396;3.195;15.86;7.32;7.886;;0.078;2.533;0.242;0.244;0.047;9.524;3.2319999999999998;14.73;7.372999999999999;7.903;0.433;0.435;0.529;0.5529999999999999;0.442;0.516;0.43200000000000005
0.532;0.062;2.4859999999999998;0.25;0.22699999999999998;0.04;9.387;3.178;14.52;7.324;8.023;;0.078;2.4730000000000003;0.264;0.225;0.047;9.408999999999999;3.174;14.18;7.343999999999999;7.89;;0.079;2.516;0.25;0.235;0.05;9.547;3.182;15.687000000000001;7.6610000000000005;7.882999999999999;;0.078;2.49;0.25;0.248;0.031;9.394;3.182;14.833;7.343999999999999;7.867000000000001;0.431;0.418;0.54;0.521;0.429;0.526;0.431
0.522;0.073;2.4859999999999998;0.255;0.217;0.054000000000000006;9.468;3.245;14.545;7.319;7.897;;0.063;2.501;0.25;0.245;0.031;9.391;3.185;16.483;7.335;8.013;;0.076;2.508;0.244;0.242;0.031;9.407;3.174;15.262;7.332999999999999;7.901;;0.078;2.528;0.254;0.244;0.047;9.501;3.2230000000000003;15.425999999999998;7.582000000000001;7.906000000000001;0.433;0.424;0.527;0.5379999999999999;0.426;0.5379999999999999;0.42100000000000004
0.526;0.066;2.489;0.242;0.237;0.031;9.445;3.168;14.737;7.377000000000001;7.872000000000001;;0.077;2.498;0.24;0.23399999999999999;0.054000000000000006;9.459;3.218;14.811;7.2989999999999995;7.867999999999999;;0.063;2.503;0.249;0.23399999999999999;0.047;9.371;3.175;15.683;7.367999999999999;7.99;;0.062;2.505;0.249;0.245;0.047;9.384;3.1919999999999997;14.827;7.2989999999999995;7.912000000000001;0.42200000000000004;0.42200000000000004;0.541;0.534;0.44;0.53;0.44299999999999995
0.516;0.075;2.5180000000000002;0.25;0.23800000000000002;0.028999999999999998;9.501;3.215;16.234;7.625;7.881;;0.079;2.488;0.248;0.235;0.045;9.377;3.1860000000000004;14.210999999999999;7.315;7.894;;0.078;2.5069999999999997;0.254;0.24;0.047;9.38;3.242;14.498;7.462000000000001;7.8629999999999995;;0.063;2.511;0.237;0.23399999999999999;0.047;9.4;3.202;15.142000000000001;7.5120000000000005;8.006;0.433;0.434;0.529;0.5429999999999999;0.426;0.521;0.42200000000000004
0.528;0.063;2.497;0.244;0.228;0.047;9.388;3.1860000000000004;15.873;7.314;7.888999999999999;;0.078;2.5180000000000002;0.26;0.24100000000000002;0.047;9.511000000000001;3.2039999999999997;14.804;7.601;7.894;;0.066;2.5;0.25;0.23399999999999999;0.047;9.4;3.205;14.788;7.334;7.992000000000001;;0.078;2.497;0.252;0.21899999999999997;0.047;9.436;3.1910000000000003;14.405;7.336;7.875;0.43200000000000005;0.42700000000000005;0.52;0.532;0.423;0.531;0.43
0.53;0.059000000000000004;2.503;0.255;0.23399999999999999;0.042;9.451;3.1889999999999996;15.648;7.582999999999999;8.017999999999999;;0.078;2.504;0.23399999999999999;0.249;0.047;9.41;3.2119999999999997;15.460999999999999;7.332999999999999;7.859;;0.071;2.53;0.251;0.235;0.047;9.492;3.239;15.411;7.487;7.88;;0.068;2.4819999999999998;0.263;0.23600000000000002;0.032;9.412;3.177;14.780999999999999;7.327999999999999;7.992000000000001;0.44799999999999995;0.42100000000000004;0.528;0.51;0.444;0.5429999999999999;0.426
0.508;0.078;2.4819999999999998;0.248;0.228;0.031;9.437000000000001;3.179;15.719000000000001;7.319;7.867999999999999;;0.078;2.551;0.258;0.22899999999999998;0.047;9.422;3.218;15.151;7.561;7.941;;0.063;2.504;0.247;0.23399999999999999;0.047;9.425;3.1860000000000004;15.807;7.316;7.874;;0.068;2.535;0.259;0.23800000000000002;0.031;9.512;3.222;16.1;7.428;7.895;0.42200000000000004;0.42200000000000004;0.539;0.528;0.441;0.527;0.43799999999999994
0.53;0.063;2.487;0.253;0.231;0.031;9.407;3.205;14.562000000000001;7.303999999999999;8.007;;0.08199999999999999;2.49;0.243;0.23600000000000002;0.047;9.368;3.1910000000000003;15.5;7.327999999999999;7.872999999999999;;0.061;2.542;0.252;0.253;0.047;9.426;3.178;16.213;7.559;7.952000000000001;;0.063;2.497;0.258;0.22899999999999998;0.047;9.383;3.1919999999999997;14.227;7.32;7.865;0.445;0.423;0.537;0.523;0.425;0.542;0.433
0.527;0.062;2.523;0.252;0.23399999999999999;0.047;9.691;3.221;14.437000000000001;7.355;7.875;;0.066;2.49;0.24100000000000002;0.24600000000000002;0.039;9.451;3.233;15.192;7.314;8.006;;0.078;2.488;0.25;0.233;0.031;9.406;3.1830000000000003;14.585;7.32;7.935;;0.078;2.528;0.252;0.23600000000000002;0.047;9.49;3.195;16.41;7.582000000000001;7.865;0.431;0.42700000000000005;0.528;0.54;0.435;0.53;0.429
0.5329999999999999;0.054000000000000006;2.478;0.253;0.237;0.031;9.373;3.1830000000000003;14.968;7.335;7.875;;0.081;2.479;0.254;0.23399999999999999;0.047;9.495;3.218;14.722000000000001;7.322;7.865;;0.085;2.491;0.254;0.21899999999999997;0.063;9.385;3.174;17.016;7.315;8.033;;0.063;2.503;0.25;0.235;0.055999999999999994;9.379;3.181;15.097999999999999;7.347;7.9270000000000005;0.42200000000000004;0.425;0.531;0.523;0.439;0.52;0.434
0.532;0.078;2.502;0.25;0.235;0.031;9.536;3.205;15.937000000000001;7.5489999999999995;7.928;;0.078;2.454;0.25;0.23399999999999999;0.047;9.254;3.158;15.520999999999999;7.377000000000001;7.819;;0.062;2.455;0.25;0.23399999999999999;0.047;9.411;3.205;15.864;7.335;7.795;;0.063;2.455;0.25;0.235;0.047;9.266;3.158;16.316;7.329;7.94;0.42200000000000004;0.426;0.531;0.516;0.42200000000000004;0.531;0.42200000000000004
0.516;0.078;2.47;0.23399999999999999;0.235;0.031;9.333;3.142;15.022;7.314;7.832999999999999;;0.062;2.517;0.25;0.235;0.047;9.458;3.1889999999999996;15.520999999999999;7.5489999999999995;7.77;;0.063;2.47;0.25;0.23399999999999999;0.047;9.286;3.158;14.193;7.33;7.7989999999999995;;0.078;2.454;0.25;0.23399999999999999;0.047;9.263;3.2110000000000003;14.46;7.314;7.768;0.42200000000000004;0.42200000000000004;0.516;0.532;0.42200000000000004;0.531;0.42200000000000004
0.516;0.063;2.455;0.25;0.21899999999999997;0.047;9.222999999999999;3.142;14.829;7.455;7.9270000000000005;;0.078;2.47;0.25;0.21899999999999997;0.047;9.293;3.158;14.333;7.2989999999999995;7.77;;0.078;2.501;0.25;0.23399999999999999;0.047;9.442;3.205;14.193;7.519;7.769;;0.078;2.463;0.25;0.235;0.047;9.302;3.142;14.286;7.314;7.957000000000001;0.42200000000000004;0.42200000000000004;0.531;0.516;0.43799999999999994;0.531;0.42200000000000004
0.516;0.078;2.455;0.23399999999999999;0.21899999999999997;0.047;9.26;3.158;14.270999999999999;7.2989999999999995;7.784;;0.063;2.533;0.266;0.235;0.047;9.363999999999999;3.158;15.522;7.502000000000001;7.848;;0.063;2.47;0.235;0.23399999999999999;0.047;9.258;3.1889999999999996;15.943;7.329;7.77;;0.078;2.517;0.25;0.235;0.047;9.427;3.21;15.677999999999999;7.315;7.832000000000001;0.42200000000000004;0.42200000000000004;0.531;0.532;0.46;0.531;0.42200000000000004
0.532;0.062;2.455;0.23399999999999999;0.235;0.031;9.32;3.182;15.239;7.486000000000001;7.9270000000000005;;0.078;2.455;0.25;0.235;0.047;9.263;3.173;14.787;7.357;7.77;;0.062;2.501;0.266;0.23399999999999999;0.047;9.427;3.158;15.645999999999999;7.58;7.763999999999999;;0.078;2.455;0.25;0.235;0.047;9.285;3.142;15.054;7.314;7.7989999999999995;0.42200000000000004;0.42200000000000004;0.516;0.516;0.42200000000000004;0.547;0.42700000000000005
0.516;0.062;2.47;0.23399999999999999;0.235;0.047;9.396;3.205;14.849;7.315;7.77;;0.078;2.454;0.23399999999999999;0.235;0.047;9.264;3.158;15.544;7.314;7.926;;0.063;2.47;0.25;0.235;0.047;9.27;3.158;14.76;7.315;7.83;;0.078;2.516;0.25;0.23399999999999999;0.047;9.443;3.1889999999999996;15.253;7.58;7.77;0.42200000000000004;0.42200000000000004;0.531;0.531;0.43799999999999994;0.532;0.42200000000000004
0.516;0.063;2.455;0.23399999999999999;0.23399999999999999;0.042;9.26;3.158;16.316;7.393;7.7860000000000005;;0.063;2.47;0.25;0.21899999999999997;0.047;9.333;3.205;14.807;7.314;7.776;;0.078;2.455;0.25;0.235;0.047;9.253;3.142;15.714;7.3660000000000005;7.942;;0.063;2.47;0.25;0.235;0.047;9.283999999999999;3.142;14.818;7.327999999999999;7.817;0.42200000000000004;0.42200000000000004;0.531;0.532;0.43799999999999994;0.532;0.42200000000000004
0.516;0.063;2.501;0.25;0.235;0.031;9.488999999999999;3.208;16.116;7.599;7.7829999999999995;;0.078;2.501;0.25;0.239;0.047;9.269;3.157;14.724;7.314;7.843;;0.078;2.488;0.271;0.344;0.053;9.934;3.3569999999999998;16.381;7.314;7.77;;0.078;2.485;0.261;0.225;0.047;9.365;3.1910000000000003;17.412;7.398;8.531;0.436;0.42200000000000004;0.5329999999999999;0.516;0.43799999999999994;0.516;0.42200000000000004
0.51;0.078;2.492;0.23399999999999999;0.226;0.047;9.363999999999999;3.1889999999999996;15.533;7.349;7.871;;0.078;2.5140000000000002;0.266;0.22399999999999998;0.047;9.496;3.235;15.669;7.617999999999999;7.872000000000001;;0.063;2.522;0.254;0.225;0.047;9.406;3.176;15.14;7.317;7.96;;0.079;2.4859999999999998;0.247;0.249;0.034;9.416;3.207;14.4;7.312;7.872999999999999;0.428;0.43700000000000006;0.517;0.531;0.435;0.527;0.425
0.537;0.063;2.469;0.247;0.247;0.038;9.336;3.181;16.939;7.459;7.976;;0.062;2.494;0.254;0.23;0.047;9.388;3.1710000000000003;15.557;7.34;7.877000000000001;;0.087;2.524;0.25;0.244;0.035;9.512;3.2060000000000004;15.25;7.5889999999999995;7.874;;0.062;2.505;0.248;0.23399999999999999;0.031;9.392000000000001;3.1860000000000004;14.835;7.316;7.994;0.42;0.435;0.527;0.526;0.42200000000000004;0.529;0.43
0.519;0.063;2.4819999999999998;0.253;0.21899999999999997;0.047;9.388;3.178;14.937000000000001;7.317;7.858;;0.086;2.519;0.242;0.243;0.038;9.363;3.187;16.155;7.5920000000000005;7.982;;0.078;2.4819999999999998;0.253;0.23399999999999999;0.047;9.371;3.187;15.859000000000002;7.308;7.861000000000001;;0.063;2.536;0.254;0.22899999999999998;0.047;9.486;3.215;14.967;7.492000000000001;7.85;0.42;0.418;0.532;0.525;0.43799999999999994;0.52;0.42200000000000004
0.512;0.073;2.4930000000000003;0.245;0.221;0.047;9.413;3.159;15.599;7.292000000000001;8.005;;0.078;2.488;0.249;0.23399999999999999;0.047;9.369;3.181;14.785;7.313;7.851;;0.078;2.504;0.258;0.239;0.047;9.379;3.174;17.27;7.566;7.949;;0.062;2.501;0.252;0.21899999999999997;0.047;9.368;3.1889999999999996;15.845;7.329;7.867999999999999;0.43700000000000006;0.40700000000000003;0.52;0.522;0.433;0.527;0.425
0.516;0.078;2.512;0.24100000000000002;0.22699999999999998;0.047;9.47;3.205;14.804;7.46;7.867999999999999;;0.063;2.4930000000000003;0.239;0.237;0.047;9.399;3.1910000000000003;15.915999999999999;7.325;7.983;;0.064;2.506;0.245;0.24100000000000002;0.045;9.357999999999999;3.221;14.699000000000002;7.332000000000001;7.898;;0.084;2.528;0.25;0.239;0.047;9.42;3.174;16.114;7.629;7.907;0.45;0.414;0.5329999999999999;0.534;0.431;0.525;0.436
0.511;0.078;2.474;0.254;0.22899999999999998;0.047;9.413;3.177;15.549000000000001;7.294;7.8420000000000005;;0.063;2.54;0.25;0.22899999999999998;0.047;9.479;3.221;15.357999999999999;7.32;7.849;;0.078;2.478;0.253;0.23800000000000002;0.047;9.411;3.195;15.446;7.327999999999999;7.962000000000001;;0.078;2.4930000000000003;0.25;0.22899999999999998;0.047;9.367;3.176;14.700999999999999;7.316;7.862;0.43700000000000006;0.436;0.522;0.531;0.426;0.526;0.435
0.521;0.063;2.541;0.25;0.21899999999999997;0.047;9.435;3.158;16.896;7.5729999999999995;7.837999999999999;;0.078;2.494;0.25;0.22899999999999998;0.047;9.419;3.1719999999999997;14.17;7.305;7.875;;0.07;2.495;0.261;0.24;0.039;9.55;3.228;15.796;7.303;7.9;;0.08;2.491;0.247;0.23199999999999998;0.047;9.37;3.174;15.375;7.313;7.974;0.44;0.43799999999999994;0.522;0.516;0.42200000000000004;0.525;0.42200000000000004
0.525;0.063;2.516;0.23800000000000002;0.24100000000000002;0.031;9.387;3.188;15.844000000000001;7.61;7.9;;0.078;2.529;0.254;0.23399999999999999;0.047;9.513;3.178;16.519000000000002;7.617999999999999;7.862;;0.078;2.489;0.253;0.235;0.036000000000000004;9.354;3.17;15.109000000000002;7.308;7.888;;0.071;2.496;0.24100000000000002;0.239;0.043;9.472000000000001;3.227;14.8;7.308;7.874;0.441;0.42100000000000004;0.529;0.53;0.42200000000000004;0.527;0.42200000000000004
0.521;0.062;2.495;0.242;0.23399999999999999;0.031;9.402999999999999;3.18;15.51;7.282;7.992000000000001;;0.063;2.495;0.239;0.24600000000000002;0.047;9.357999999999999;3.185;14.797;7.455;7.899;;0.065;2.515;0.267;0.22699999999999998;0.047;9.5;3.2;14.702;7.5329999999999995;7.871;;0.078;2.488;0.25;0.233;0.047;9.387;3.207;14.42;7.399;7.89;0.42200000000000004;0.44299999999999995;0.53;0.534;0.434;0.532;0.428
0.522;0.063;2.4819999999999998;0.252;0.21899999999999997;0.047;9.366;3.2110000000000003;14.107999999999999;7.3020000000000005;7.837999999999999;;0.061;2.4819999999999998;0.25;0.244;0.042;9.349;3.1910000000000003;16.816;7.35;8.003;;0.086;2.487;0.254;0.23399999999999999;0.049;9.432;3.173;15.615;7.294;7.899;;0.063;2.533;0.245;0.239;0.057;9.484;3.2230000000000003;15.077;7.596;7.893;0.42100000000000004;0.43;0.534;0.5379999999999999;0.42100000000000004;0.518;0.43200000000000005
0.509;0.078;2.503;0.243;0.23399999999999999;0.04;9.347999999999999;3.194;14.734000000000002;7.311;7.95;;0.078;2.4930000000000003;0.251;0.22399999999999998;0.047;9.363;3.1910000000000003;14.7;7.307;7.87;;0.07200000000000001;2.494;0.251;0.24600000000000002;0.047;9.343;3.178;15.129000000000001;7.523;7.992999999999999;;0.078;2.481;0.255;0.23399999999999999;0.031;9.4;3.178;14.520999999999999;7.301;7.832000000000001;0.446;0.41700000000000004;0.519;0.524;0.43700000000000006;0.54;0.423
0.525;0.078;2.532;0.249;0.228;0.031;9.53;3.2039999999999997;14.123;7.483;7.853;;0.078;2.4819999999999998;0.254;0.23399999999999999;0.047;9.401;3.174;14.630999999999998;7.306;8.125;;0.078;2.475;0.25;0.24600000000000002;0.031;9.36;3.195;14.168;7.292999999999999;7.895;;0.078;2.529;0.266;0.239;0.039;9.46;3.175;15.172;7.626;7.899;0.425;0.425;0.532;0.518;0.45;0.527;0.441
0.523;0.078;2.464;0.259;0.215;0.055;9.357000000000001;3.174;14.46;7.301;7.867999999999999;;0.06;2.502;0.25;0.242;0.04;9.509;3.2310000000000003;14.152999999999999;7.287000000000001;7.87;;0.07400000000000001;2.491;0.25;0.245;0.044000000000000004;9.347000000000001;3.188;14.779000000000002;7.301;7.9670000000000005;;0.078;2.487;0.249;0.23600000000000002;0.047;9.37;3.181;13.904000000000002;7.303999999999999;7.92;0.431;0.415;0.517;0.5379999999999999;0.435;0.517;0.442
0.534;0.062;2.513;0.253;0.23399999999999999;0.031;9.475;3.2119999999999997;14.949000000000002;7.545;7.852;;0.078;2.5;0.258;0.228;0.055;9.354;3.165;14.607000000000001;7.336;7.89;;0.08;2.47;0.261;0.23399999999999999;0.048;9.402000000000001;3.222;16.284000000000002;7.31;7.867999999999999;;0.063;2.4859999999999998;0.251;0.23399999999999999;0.054000000000000006;9.35;3.1719999999999997;16.678;7.335;7.977;0.45;0.42700000000000005;0.53;0.518;0.41200000000000003;0.531;0.41700000000000004
0.515;0.078;2.4859999999999998;0.23399999999999999;0.23399999999999999;0.031;9.423;3.155;16.172;7.306;7.91;;0.063;2.553;0.245;0.248;0.047;9.625;3.1889999999999996;16.415;7.672000000000001;7.859;;0.078;2.4819999999999998;0.254;0.23399999999999999;0.031;9.4;3.176;14.841;7.355;7.944;;0.078;2.513;0.252;0.237;0.047;9.527000000000001;3.222;16.414;7.367999999999999;7.916;0.429;0.424;0.519;0.5329999999999999;0.426;0.534;0.436
0.534;0.063;2.498;0.254;0.21899999999999997;0.047;9.434;3.2060000000000004;15.562999999999999;7.4510000000000005;8.052;;0.061;2.499;0.251;0.235;0.047;9.492;3.301;14.639000000000001;7.367000000000001;7.938;;0.078;2.533;0.25;0.235;0.047;9.572000000000001;3.2060000000000004;16.825;7.662999999999999;8.193;;0.078;2.471;0.261;0.223;0.062;9.357999999999999;3.1860000000000004;16.278;7.3660000000000005;7.877999999999999;0.43200000000000005;0.428;0.5329999999999999;0.537;0.42700000000000005;0.521;0.424
0.513;0.08;2.47;0.254;0.22699999999999998;0.040999999999999995;9.423;3.222;16.264;7.312;7.849;;0.07400000000000001;2.501;0.251;0.235;0.047;9.352;3.161;16.222;7.351;7.992999999999999;;0.078;2.496;0.25;0.221;0.047;9.373;3.157;15.184000000000001;7.307;7.9110000000000005;;0.078;2.519;0.253;0.23199999999999998;0.047;9.509;3.197;16.143;7.542000000000001;7.881;0.434;0.42;0.528;0.521;0.45;0.521;0.439
0.5329999999999999;0.054000000000000006;2.502;0.251;0.21899999999999997;0.046;9.384;3.175;14.542;7.346;7.9;;0.084;2.48;0.25;0.24;0.046;9.404;3.214;15.040999999999999;7.28;7.851;;0.078;2.472;0.259;0.24100000000000002;0.047;9.351;3.174;16.78;7.319;7.947;;0.078;2.492;0.243;0.24600000000000002;0.038;9.373;3.175;15.770999999999999;7.297999999999999;7.888;0.436;0.414;0.526;0.511;0.456;0.531;0.435
0.53;0.062;2.528;0.243;0.23;0.042;9.469;3.2030000000000003;16.136;7.603;7.852;;0.062;2.495;0.256;0.23399999999999999;0.047;9.369;3.19;16.219;7.346;7.922000000000001;;0.068;2.501;0.242;0.23800000000000002;0.047;9.415;3.2089999999999996;15.332;7.279;7.856;;0.078;2.449;0.25;0.21899999999999997;0.047;9.232000000000001;3.135;16.747;7.303;8.03;0.43700000000000006;0.425;0.516;0.537;0.435;0.532;0.425
0.516;0.062;2.438;0.25;0.23399999999999999;0.031;9.191;3.141;15.659;7.252000000000001;7.751;;0.078;2.5;0.25;0.23399999999999999;0.047;9.417;3.21;15.148;7.468999999999999;7.702999999999999;;0.078;2.469;0.25;0.23399999999999999;0.031;9.234;3.13;15.664000000000001;7.267;7.843999999999999;;0.078;2.4530000000000003;0.23399999999999999;0.23399999999999999;0.047;9.204;3.156;16.142;7.266;7.7379999999999995;0.419;0.42200000000000004;0.516;0.531;0.42200000000000004;0.516;0.42200000000000004
0.516;0.062;2.438;0.23399999999999999;0.22;0.047;9.25;3.125;16.408;7.422999999999999;7.912000000000001;;0.078;2.438;0.25;0.23399999999999999;0.031;9.25;3.125;16.143;7.236000000000001;7.72;;0.078;2.5;0.25;0.23399999999999999;0.047;9.391;3.2030000000000003;15.705;7.5;7.705;;0.078;2.4530000000000003;0.25;0.21899999999999997;0.047;9.234;3.141;15.252;7.25;7.893;0.42200000000000004;0.42200000000000004;0.516;0.516;0.42200000000000004;0.531;0.42200000000000004
0.516;0.062;2.4530000000000003;0.23399999999999999;0.21899999999999997;0.047;9.187000000000001;3.1260000000000003;16.127;7.251;7.705;;0.078;2.469;0.25;0.23399999999999999;0.047;9.224;3.125;16.678;7.452999999999999;7.906000000000001;;0.063;2.4530000000000003;0.25;0.21899999999999997;0.047;9.232000000000001;3.1430000000000002;16.002;7.247999999999999;7.702999999999999;;0.063;2.516;0.25;0.23399999999999999;0.047;9.392000000000001;3.2030000000000003;16.095;7.476;7.718999999999999;0.42200000000000004;0.42200000000000004;0.531;0.516;0.42200000000000004;0.531;0.42200000000000004
0.5;0.078;2.428;0.25;0.228;0.047;9.235;3.125;16.174;7.267;7.907;;0.078;2.438;0.25;0.23399999999999999;0.047;9.189;3.125;15.649000000000001;7.266;7.736000000000001;;0.063;2.469;0.25;0.23399999999999999;0.047;9.189;3.125;17.112000000000002;7.47;7.843999999999999;;0.062;2.438;0.25;0.23399999999999999;0.047;9.187000000000001;3.13;15.423;7.266;7.734;0.42200000000000004;0.42200000000000004;0.516;0.516;0.42200000000000004;0.531;0.42200000000000004
0.531;0.063;2.5;0.23399999999999999;0.23399999999999999;0.047;9.44;3.187;14.923;7.345;7.718999999999999;;0.062;2.4530000000000003;0.23399999999999999;0.23399999999999999;0.047;9.219;3.125;15.470999999999998;7.251;7.937;;0.062;2.4530000000000003;0.23399999999999999;0.23399999999999999;0.047;9.203;3.109;14.289000000000001;7.251;7.73;;0.063;2.516;0.25;0.23399999999999999;0.047;9.312000000000001;3.125;16.023;7.502000000000001;7.72;0.42200000000000004;0.42200000000000004;0.531;0.531;0.42200000000000004;0.531;0.42200000000000004
0.516;0.062;2.437;0.25;0.23399999999999999;0.047;9.203;3.125;14.635;7.919;7.718999999999999;;0.063;2.4530000000000003;0.23399999999999999;0.23399999999999999;0.047;9.408999999999999;3.2030000000000003;15.204;7.249;7.752000000000001;;0.078;2.438;0.25;0.21899999999999997;0.047;9.203;3.1430000000000002;15.269;7.276;7.922999999999999;;0.078;2.4530000000000003;0.25;0.21899999999999997;0.047;9.203;3.1239999999999997;16.112000000000002;7.296;7.75;0.42200000000000004;0.406;0.516;0.531;0.42200000000000004;0.516;0.42200000000000004
0.516;0.078;2.5;0.23399999999999999;0.23399999999999999;0.047;9.389;3.156;15.83;7.455;8.067;;0.078;2.438;0.25;0.23399999999999999;0.047;9.221;3.125;14.69;7.33;7.737;;0.078;2.454;0.25;0.21899999999999997;0.047;9.267000000000001;3.2030000000000003;14.0;7.25;7.72;;0.062;2.438;0.25;0.23399999999999999;0.047;9.189;3.125;15.345999999999998;7.282;7.898;0.43700000000000006;0.406;0.531;0.516;0.42200000000000004;0.516;0.42200000000000004
0.516;0.063;2.4530000000000003;0.23399999999999999;0.23399999999999999;0.031;9.234;3.125;16.072;7.251;7.744;;0.078;2.501;0.25;0.23399999999999999;0.047;9.422;3.219;15.29;7.468999999999999;7.718999999999999;;0.063;2.484;0.23399999999999999;0.23399999999999999;0.047;9.219;3.111;15.577;7.267;7.813;;0.063;2.4530000000000003;0.25;0.21899999999999997;0.047;9.207;3.188;16.127;7.251;7.734;0.43799999999999994;0.42200000000000004;0.516;0.516;0.43799999999999994;0.516;0.42200000000000004
0.516;0.078;2.437;0.23399999999999999;0.21899999999999997;0.047;9.193999999999999;3.109;15.97;7.392;7.891;;0.078;2.426;0.25;0.23399999999999999;0.047;9.204;3.125;16.000999999999998;7.247999999999999;7.721;;0.078;2.4859999999999998;0.266;0.23399999999999999;0.047;9.406;3.1889999999999996;16.252;7.531000000000001;7.721;;0.078;2.4530000000000003;0.23399999999999999;0.23399999999999999;0.047;9.245;3.141;15.034;7.25;7.891;0.42200000000000004;0.43799999999999994;0.516;0.516;0.42200000000000004;0.531;0.42200000000000004
0.516;0.062;2.438;0.25;0.21899999999999997;0.047;9.19;3.136;15.312999999999999;7.25;7.721;;0.063;2.4530000000000003;0.25;0.23399999999999999;0.031;9.234;3.125;16.21;7.502000000000001;7.922000000000001;;0.063;2.4530000000000003;0.23399999999999999;0.23399999999999999;0.047;9.205;3.125;15.440999999999999;7.25;7.72;;0.078;2.593;0.263;0.23199999999999998;0.047;9.77;3.2030000000000003;14.833;7.376;7.746;0.42200000000000004;0.42200000000000004;0.516;0.531;0.43700000000000006;0.531;0.406
0.516;0.062;2.4530000000000003;0.23399999999999999;0.23399999999999999;0.031;9.283;3.109;15.012;7.251;7.944;;0.078;2.438;0.25;0.23399999999999999;0.047;9.203;3.117;14.258;7.25;7.766;;0.078;2.5;0.266;0.23399999999999999;0.031;9.329;3.109;15.008;7.4639999999999995;7.744;;0.078;2.438;0.25;0.21899999999999997;0.047;9.205;3.125;14.048;7.256;7.734;0.42200000000000004;0.42200000000000004;0.516;0.516;0.42200000000000004;0.531;0.43700000000000006
0.516;0.078;2.4219999999999997;0.25;0.21899999999999997;0.031;9.362;3.187;13.955;7.237;7.766;;0.078;2.438;0.25;0.21899999999999997;0.047;9.201;3.128;16.157;7.314;7.891;;0.078;2.4530000000000003;0.23399999999999999;0.23399999999999999;0.047;9.206;3.125;15.003;7.25;7.734;;0.078;2.5;0.25;0.23399999999999999;0.047;9.406;3.187;14.924000000000001;7.516;7.755;0.42200000000000004;0.42200000000000004;0.517;0.516;0.43700000000000006;0.516;0.42200000000000004
0.516;0.078;2.439;0.25;0.21899999999999997;0.047;9.187999999999999;3.141;15.645999999999999;7.266;7.731;;0.063;2.437;0.25;0.23399999999999999;0.047;9.267999999999999;3.188;15.427;7.251;7.702999999999999;;0.078;2.438;0.25;0.23399999999999999;0.047;9.187000000000001;3.125;17.102999999999998;7.281000000000001;7.891;;0.078;2.439;0.25;0.23399999999999999;0.047;9.203;3.125;14.405999999999999;7.25;7.736000000000001;0.42200000000000004;0.42200000000000004;0.516;0.531;0.43700000000000006;0.516;0.43700000000000006
0.531;0.063;2.505;0.25;0.21899999999999997;0.047;9.449;3.188;15.362;7.496;7.69;;0.078;2.438;0.25;0.23399999999999999;0.047;9.221;3.141;14.958;7.251;7.859;;0.062;2.438;0.25;0.23399999999999999;0.031;9.204;3.141;14.815;7.251;7.704;;0.078;2.469;0.25;0.23399999999999999;0.047;9.193;3.125;15.988;7.484;7.876;0.43799999999999994;0.42200000000000004;0.516;0.515;0.42200000000000004;0.531;0.42200000000000004
0.516;0.078;2.4219999999999997;0.25;0.21899999999999997;0.047;9.24;3.125;15.674000000000001;7.25;7.702999999999999;;0.078;2.5;0.25;0.23399999999999999;0.047;9.408999999999999;3.2030000000000003;15.0;7.406000000000001;7.7410000000000005;;0.078;2.469;0.25;0.21899999999999997;0.047;9.253;3.125;14.505;7.266;7.92;;0.062;2.437;0.25;0.23399999999999999;0.047;9.205;3.125;16.599;7.266;7.706;0.42200000000000004;0.42200000000000004;0.516;0.516;0.42200000000000004;0.516;0.43700000000000006
0.531;0.063;2.5;0.25;0.21899999999999997;0.047;9.22;3.156;17.191;7.5329999999999995;7.797000000000001;;0.078;2.438;0.25;0.23399999999999999;0.047;9.236;3.156;15.142000000000001;7.267;7.704;;0.062;2.516;0.25;0.23399999999999999;0.047;9.391;3.2039999999999997;16.115;7.297999999999999;7.721;;0.078;2.437;0.25;0.23399999999999999;0.047;9.204;3.141;15.907;7.255;7.875;0.43700000000000006;0.42200000000000004;0.516;0.516;0.42200000000000004;0.531;0.42200000000000004
0.525;0.078;2.496;0.25;0.226;0.057;9.424;3.185;15.953;7.33;8.056000000000001;;0.081;2.628;0.253;0.23399999999999999;0.047;9.466000000000001;3.188;17.5;7.622999999999999;7.916;;0.086;2.503;0.25;0.22399999999999998;0.057999999999999996;9.384;3.19;16.374000000000002;7.352;7.874;;0.079;2.532;0.244;0.247;0.047;9.551;3.2060000000000004;15.827;7.445;7.915;0.43799999999999994;0.43200000000000005;0.53;0.56;0.436;0.522;0.43700000000000006
0.52;0.068;2.494;0.23399999999999999;0.24;0.042;9.388;3.185;16.447;7.3420000000000005;8.024;;0.063;2.4930000000000003;0.254;0.235;0.047;9.395;3.176;15.532;7.349;7.877999999999999;;0.063;2.537;0.251;0.243;0.047;9.437000000000001;3.1839999999999997;15.14;7.629;7.95;;0.09;2.476;0.261;0.23399999999999999;0.047;9.374;3.1910000000000003;14.889000000000001;7.359;7.882000000000001;0.419;0.445;0.514;0.54;0.42200000000000004;0.532;0.449
0.518;0.064;2.5469999999999997;0.25;0.233;0.047;9.524;3.238;14.19;7.356;7.898;;0.078;2.498;0.237;0.23399999999999999;0.048;9.386000000000001;3.2060000000000004;16.238;7.377000000000001;8.031;;0.063;2.517;0.256;0.231;0.031;9.416;3.175;16.109;7.367999999999999;7.888999999999999;;0.078;2.5340000000000003;0.259;0.242;0.047;9.461;3.1919999999999997;17.397000000000002;7.632000000000001;7.876;0.42700000000000005;0.429;0.527;0.518;0.43200000000000005;0.532;0.43
0.52;0.078;2.484;0.251;0.23199999999999998;0.031;9.448;3.1910000000000003;15.895;7.382000000000001;7.966;;0.07400000000000001;2.535;0.248;0.248;0.047;9.527999999999999;3.237;15.630999999999998;7.475;7.881;;0.062;2.517;0.251;0.23399999999999999;0.047;9.42;3.201;16.549;7.341;8.008;;0.07200000000000001;2.498;0.239;0.239;0.047;9.381;3.177;14.669;7.352;7.897;0.43799999999999994;0.426;0.537;0.5329999999999999;0.43799999999999994;0.5329999999999999;0.447
0.526;0.084;2.5340000000000003;0.251;0.23600000000000002;0.03;9.466000000000001;3.1889999999999996;16.881;7.642;7.882999999999999;;0.078;2.498;0.253;0.237;0.031;9.416;3.188;16.17;7.3389999999999995;7.859;;0.086;2.535;0.25;0.23800000000000002;0.044000000000000004;9.562000000000001;3.252;15.835999999999999;7.403;7.926;;0.078;2.508;0.245;0.23600000000000002;0.047;9.408;3.196;15.149000000000001;7.358;8.02;0.444;0.43799999999999994;0.524;0.517;0.429;0.532;0.43200000000000005
0.523;0.078;2.496;0.23399999999999999;0.239;0.031;9.394;3.177;16.296;7.351;7.899;;0.078;2.544;0.252;0.23399999999999999;0.047;9.467;3.19;17.302;7.619;7.932;;0.083;2.476;0.25;0.239;0.054000000000000006;9.406;3.178;14.83;7.377000000000001;7.874;;0.073;2.549;0.256;0.24100000000000002;0.047;9.533999999999999;3.239;14.732000000000001;7.331;7.891;0.44;0.42100000000000004;0.534;0.521;0.433;0.527;0.42200000000000004
0.511;0.067;2.508;0.244;0.21899999999999997;0.047;9.465;3.182;15.574000000000002;7.348;8.023;;0.078;2.502;0.23399999999999999;0.25;0.047;9.382;3.193;15.395999999999999;7.36;7.912999999999999;;0.078;2.531;0.243;0.245;0.035;9.484;3.194;16.347;7.7;7.8660000000000005;;0.062;2.503;0.25;0.23399999999999999;0.047;9.405;3.185;16.367;7.374;7.8839999999999995;0.426;0.42700000000000005;0.532;0.534;0.429;0.528;0.445
0.542;0.064;2.544;0.25;0.237;0.031;9.521;3.218;16.3;7.348;7.882000000000001;;0.078;2.5;0.23399999999999999;0.242;0.047;9.471;3.2;15.607999999999999;7.37;8.03;;0.078;2.513;0.243;0.23;0.047;9.408999999999999;3.196;15.52;7.435;7.92;;0.079;2.549;0.25;0.244;0.044000000000000004;9.486;3.193;15.909;7.672000000000001;7.916;0.419;0.431;0.519;0.519;0.449;0.51;0.419
0.527;0.068;2.4859999999999998;0.25;0.237;0.03;9.387;3.187;14.19;7.379;7.886;;0.084;2.503;0.251;0.235;0.046;9.548;3.2310000000000003;14.774000000000001;7.351;7.898;;0.063;2.5069999999999997;0.25;0.242;0.04;9.397;3.196;15.04;7.367000000000001;8.039;;0.078;2.524;0.25;0.22899999999999998;0.047;9.395;3.185;14.864;7.351;7.894;0.431;0.41600000000000004;0.531;0.526;0.425;0.525;0.429
0.518;0.063;2.539;0.252;0.23399999999999999;0.031;9.755;3.19;15.844000000000001;7.63;7.893;;0.078;2.492;0.266;0.23;0.047;9.439;3.196;14.66;7.398;7.885;;0.078;2.492;0.257;0.223;0.047;9.479;3.2310000000000003;14.839;7.377000000000001;7.932;;0.063;2.505;0.259;0.23399999999999999;0.05;9.41;3.176;17.137999999999998;7.317;8.015;0.43700000000000006;0.42200000000000004;0.526;0.516;0.43200000000000005;0.524;0.436
0.516;0.084;2.485;0.249;0.23199999999999998;0.031;9.385;3.2110000000000003;14.73;7.3389999999999995;7.917000000000001;;0.078;2.535;0.261;0.235;0.047;9.555;3.21;16.387;7.6129999999999995;7.94;;0.076;2.499;0.24;0.23;0.047;9.426;3.193;14.827;7.4;7.904;;0.078;2.4930000000000003;0.25;0.245;0.031;9.477;3.2230000000000003;14.815;7.354;7.8839999999999995;0.434;0.42100000000000004;0.513;0.528;0.439;0.5379999999999999;0.442
0.514;0.078;2.491;0.23399999999999999;0.24600000000000002;0.031;9.385;3.213;15.423;7.396;8.024;;0.09;2.49;0.256;0.239;0.045;9.391;3.1919999999999997;14.89;7.362;7.922000000000001;;0.078;2.5380000000000003;0.247;0.23399999999999999;0.047;9.526;3.2710000000000004;15.207;7.684;7.882000000000001;;0.078;2.51;0.254;0.239;0.047;9.399;3.1910000000000003;14.823;7.382999999999999;7.947;0.43700000000000006;0.43799999999999994;0.517;0.517;0.42700000000000005;0.537;0.43799999999999994
0.528;0.078;2.49;0.249;0.23;0.047;9.435;3.2060000000000004;14.464;7.355;7.872000000000001;;0.078;2.502;0.254;0.22399999999999998;0.047;9.442;3.187;15.807;7.516;8.039;;0.078;2.511;0.255;0.22;0.047;9.384;3.1910000000000003;14.555;7.367000000000001;7.867999999999999;;0.078;2.5380000000000003;0.24600000000000002;0.23399999999999999;0.061;9.52;3.228;14.954;7.69;7.909;0.43799999999999994;0.415;0.519;0.5329999999999999;0.45;0.521;0.444
0.518;0.078;2.513;0.23800000000000002;0.23399999999999999;0.047;9.418;3.187;15.458;7.401;8.024;;0.078;2.498;0.249;0.23800000000000002;0.047;9.464;3.2039999999999997;15.835;7.359;7.88;;0.062;2.5380000000000003;0.257;0.235;0.049;9.418;3.175;17.171;7.625;8.032;;0.059000000000000004;2.513;0.25;0.23600000000000002;0.047;9.415;3.2039999999999997;15.437000000000001;7.349;7.9;0.436;0.43200000000000005;0.546;0.532;0.429;0.523;0.441
0.536;0.062;2.539;0.268;0.254;0.044000000000000004;9.533;3.266;15.874;7.638;7.877999999999999;;0.078;2.506;0.254;0.225;0.047;9.452;3.1860000000000004;14.624;7.361000000000001;8.203;;0.073;2.5;0.248;0.23800000000000002;0.047;9.375;3.19;15.859000000000002;7.362;7.901;;0.066;2.52;0.259;0.237;0.054000000000000006;9.397;3.18;16.682000000000002;7.615;8.037;0.43200000000000005;0.423;0.541;0.518;0.42700000000000005;0.5329999999999999;0.424
0.516;0.078;2.499;0.23800000000000002;0.24;0.035;9.472000000000001;3.188;14.716;7.353;7.861000000000001;;0.078;2.55;0.25;0.235;0.055;9.517000000000001;3.222;14.815;7.556;7.912999999999999;;0.078;2.505;0.248;0.23399999999999999;0.047;9.439;3.1860000000000004;14.700999999999999;7.352;8.039;;0.078;2.505;0.25;0.242;0.035;9.408;3.1689999999999996;15.210999999999999;7.348;7.9110000000000005;0.42200000000000004;0.423;0.526;0.514;0.433;0.53;0.423
0.522;0.07;2.5340000000000003;0.25;0.23;0.037000000000000005;9.402999999999999;3.188;16.278;7.646;7.997000000000001;;0.09;2.488;0.25;0.242;0.042;9.399;3.174;15.84;7.343999999999999;7.874;;0.065;2.545;0.252;0.233;0.047;9.541;3.227;15.197000000000001;7.496;7.915;;0.078;2.4930000000000003;0.256;0.23399999999999999;0.047;9.421;3.178;15.36;7.369;8.017000000000001;0.436;0.426;0.518;0.528;0.429;0.53;0.442
0.522;0.07;2.494;0.25;0.22899999999999998;0.040999999999999995;9.377;3.205;14.870999999999999;7.379;7.921;;0.08199999999999999;2.535;0.262;0.235;0.047;9.459;3.1910000000000003;15.777999999999999;7.64;7.952999999999999;;0.063;2.526;0.257;0.235;0.031;9.559;3.242;15.952;7.474;7.928999999999999;;0.078;2.559;0.254;0.25;0.04;9.564;3.236;14.452;7.537000000000001;7.916;0.43799999999999994;0.42200000000000004;0.535;0.524;0.44;0.539;0.423
0.517;0.078;2.49;0.245;0.23399999999999999;0.046;9.564;3.199;15.512;7.444;8.005;;0.063;2.52;0.249;0.244;0.053;9.47;3.2030000000000003;14.897;7.402;7.9879999999999995;;0.081;2.548;0.262;0.23800000000000002;0.047;9.463;3.1919999999999997;16.93;7.7620000000000005;7.942;;0.078;2.469;0.23399999999999999;0.23399999999999999;0.047;9.283;3.141;14.607000000000001;7.485;7.917000000000001;0.429;0.44;0.531;0.527;0.435;0.528;0.429
0.516;0.062;2.469;0.25;0.23399999999999999;0.047;9.391;3.187;14.267999999999999;7.25;7.757999999999999;;0.078;2.438;0.25;0.23399999999999999;0.047;9.247;3.141;15.25;7.255;7.9079999999999995;;0.078;2.439;0.25;0.23399999999999999;0.031;9.235;3.148;14.578;7.252000000000001;7.768;;0.063;2.5;0.266;0.23399999999999999;0.047;9.495;3.178;14.892000000000001;7.485;7.718999999999999;0.43799999999999994;0.42200000000000004;0.531;0.516;0.43799999999999994;0.516;0.42200000000000004
0.516;0.063;2.437;0.25;0.21899999999999997;0.047;9.187999999999999;3.137;15.565;7.329;7.735;;0.078;2.438;0.25;0.23399999999999999;0.047;9.297;3.188;15.515;7.267;7.734;;0.078;2.437;0.25;0.23399999999999999;0.047;9.189;3.109;15.579;7.2829999999999995;7.912999999999999;;0.078;2.435;0.25;0.23399999999999999;0.047;9.192;3.125;16.048;7.267;7.734;0.42200000000000004;0.406;0.516;0.516;0.42200000000000004;0.516;0.43700000000000006
0.516;0.078;2.502;0.23399999999999999;0.23399999999999999;0.047;9.437000000000001;3.187;15.994000000000002;7.562;7.704;;0.078;2.4530000000000003;0.25;0.21899999999999997;0.047;9.22;3.125;16.127;7.272;7.7829999999999995;;0.078;2.438;0.25;0.21899999999999997;0.047;9.204;3.2030000000000003;15.674000000000001;7.234;7.702999999999999;;0.063;2.438;0.25;0.23399999999999999;0.047;9.191;3.125;16.191;7.359;7.922000000000001;0.43700000000000006;0.42200000000000004;0.516;0.516;0.42200000000000004;0.524;0.43799999999999994
0.516;0.063;2.438;0.25;0.23399999999999999;0.035;9.231;3.125;15.705;7.251;7.704;;0.078;2.5;0.25;0.23399999999999999;0.047;9.411;3.187;15.172;7.531000000000001;7.702999999999999;;0.063;2.4530000000000003;0.23399999999999999;0.23399999999999999;0.047;9.33;3.127;15.642000000000001;7.251;7.921;;0.078;2.437;0.25;0.21899999999999997;0.047;9.205;3.141;15.655999999999999;7.266;7.747000000000001;0.42200000000000004;0.42200000000000004;0.516;0.531;0.42200000000000004;0.516;0.406
0.516;0.062;2.469;0.25;0.21899999999999997;0.047;9.189;3.156;16.718;7.485;7.9079999999999995;;0.078;2.438;0.25;0.23399999999999999;0.031;9.252;3.141;15.720999999999998;7.266;7.718999999999999;;0.078;2.5;0.25;0.23399999999999999;0.047;9.408;3.2030000000000003;14.439;7.4239999999999995;7.704;;0.078;2.438;0.25;0.23399999999999999;0.047;9.217;3.128;16.189;7.237;7.9110000000000005;0.43799999999999994;0.42200000000000004;0.516;0.516;0.42200000000000004;0.516;0.42200000000000004
0.516;0.062;2.438;0.25;0.21899999999999997;0.031;9.241;3.109;15.612;7.25;7.731;;0.078;2.501;0.25;0.21899999999999997;0.047;9.234;3.141;16.625999999999998;7.547999999999999;7.843999999999999;;0.063;2.469;0.23399999999999999;0.23399999999999999;0.047;9.205;3.125;16.203;7.251;7.705;;0.078;2.5;0.25;0.23399999999999999;0.047;9.406;3.19;14.41;7.329;7.718999999999999;0.42200000000000004;0.42200000000000004;0.531;0.516;0.43700000000000006;0.531;0.42200000000000004
0.516;0.078;2.438;0.23399999999999999;0.21899999999999997;0.047;9.204;3.141;16.374000000000002;7.239;7.901;;0.063;2.4530000000000003;0.25;0.23399999999999999;0.047;9.189;3.173;15.662;7.2620000000000005;7.704;;0.078;2.516;0.25;0.23399999999999999;0.047;9.266;3.125;16.768;7.532;7.734;;0.063;2.438;0.25;0.23399999999999999;0.047;9.185;3.141;15.113;7.25;7.705;0.42200000000000004;0.42200000000000004;0.531;0.531;0.42200000000000004;0.516;0.43700000000000006
0.516;0.078;2.5;0.25;0.23399999999999999;0.031;9.407;3.187;16.127;7.251;7.718999999999999;;0.062;2.438;0.25;0.23399999999999999;0.047;9.203;3.141;15.675;7.252999999999999;7.909;;0.078;2.4530000000000003;0.25;0.23399999999999999;0.047;9.189;3.125;15.047;7.294;7.746;;0.063;2.502;0.25;0.23399999999999999;0.047;9.392000000000001;3.141;15.102;7.531000000000001;7.702999999999999;0.42200000000000004;0.42200000000000004;0.531;0.531;0.42200000000000004;0.516;0.42200000000000004
0.518;0.062;2.438;0.25;0.23399999999999999;0.031;9.25;3.112;15.112;7.281000000000001;7.718999999999999;;0.062;2.4530000000000003;0.23399999999999999;0.23399999999999999;0.047;9.361;3.187;15.282;7.252999999999999;7.75;;0.063;2.4530000000000003;0.25;0.23399999999999999;0.047;9.19;3.141;16.191;7.285;7.9079999999999995;;0.063;2.4530000000000003;0.25;0.23399999999999999;0.031;9.225;3.111;14.907;7.282;7.767;0.42200000000000004;0.42200000000000004;0.531;0.531;0.42200000000000004;0.516;0.43700000000000006
0.516;0.078;2.5;0.23399999999999999;0.23399999999999999;0.047;9.392000000000001;3.1630000000000003;16.597;7.532;7.735;;0.078;2.4530000000000003;0.25;0.23399999999999999;0.047;9.205;3.125;14.94;7.297000000000001;7.751;;0.078;2.4530000000000003;0.25;0.23399999999999999;0.047;9.22;3.1889999999999996;14.860999999999999;7.267;7.711;;0.063;2.455;0.23399999999999999;0.23399999999999999;0.047;9.187000000000001;3.141;15.469000000000001;7.359;7.922000000000001;0.43700000000000006;0.42200000000000004;0.531;0.516;0.42200000000000004;0.531;0.43700000000000006
0.516;0.063;2.4530000000000003;0.23399999999999999;0.23399999999999999;0.031;9.189;3.141;15.446;7.25;7.72;;0.078;2.516;0.25;0.23399999999999999;0.047;9.422;3.19;15.251;7.529;7.769;;0.078;2.438;0.248;0.23399999999999999;0.047;9.238;3.111;16.205;7.266;7.938;;0.062;2.4530000000000003;0.25;0.21899999999999997;0.047;9.205;3.137;16.157;7.282;7.722;0.42200000000000004;0.42200000000000004;0.516;0.531;0.42200000000000004;0.517;0.42200000000000004
0.531;0.062;2.438;0.25;0.23399999999999999;0.031;9.234;3.127;17.250999999999998;7.439;7.952999999999999;;0.078;2.437;0.25;0.23399999999999999;0.047;9.204;3.141;16.209;7.267;7.718999999999999;;0.078;2.5;0.266;0.22;0.047;9.422;3.2039999999999997;16.143;7.532;7.718;;0.063;2.4530000000000003;0.25;0.21899999999999997;0.047;9.236;3.141;15.36;7.266;7.909;0.42200000000000004;0.42200000000000004;0.516;0.516;0.42200000000000004;0.516;0.42200000000000004
0.516;0.063;2.438;0.23399999999999999;0.23399999999999999;0.031;9.193999999999999;3.125;15.04;7.281000000000001;7.718999999999999;;0.078;2.4530000000000003;0.25;0.25;0.047;9.221;3.125;15.802;7.518;7.859;;0.078;2.4219999999999997;0.25;0.23399999999999999;0.047;9.21;3.141;14.344000000000001;7.252000000000001;7.72;;0.063;2.5;0.25;0.25;0.047;9.402999999999999;3.193;15.158;7.391;7.75;0.42200000000000004;0.42200000000000004;0.531;0.531;0.43700000000000006;0.516;0.406
0.516;0.078;2.439;0.23399999999999999;0.21899999999999997;0.047;9.219;3.141;16.392;7.25;7.922000000000001;;0.078;2.467;0.25;0.21899999999999997;0.047;9.219;3.109;16.297;7.3;7.728;;0.078;2.5180000000000002;0.25;0.23399999999999999;0.047;9.266;3.1260000000000003;17.175;7.5;7.781000000000001;;0.078;2.438;0.25;0.21899999999999997;0.047;9.204;3.142;14.682;7.266;7.706;0.43700000000000006;0.42200000000000004;0.516;0.516;0.42200000000000004;0.516;0.43700000000000006
0.516;0.063;2.516;0.25;0.23399999999999999;0.031;9.455;3.187;14.640999999999998;7.252999999999999;7.75;;0.078;2.454;0.23399999999999999;0.23399999999999999;0.047;9.204;3.156;15.455;7.25;7.909;;0.078;2.438;0.25;0.23399999999999999;0.047;9.209;3.141;15.219000000000001;7.267;7.718999999999999;;0.078;2.5;0.25;0.23399999999999999;0.047;9.392999999999999;3.127;16.048;7.5329999999999995;7.72;0.42200000000000004;0.42200000000000004;0.531;0.516;0.43700000000000006;0.516;0.42200000000000004
0.516;0.078;2.438;0.23399999999999999;0.23399999999999999;0.047;9.172;3.109;15.034;7.297999999999999;7.7;;0.078;2.4530000000000003;0.23399999999999999;0.23399999999999999;0.047;9.375;3.19;15.66;7.251;7.729;;0.078;2.438;0.25;0.21899999999999997;0.047;9.187999999999999;3.141;16.759;7.281000000000001;7.906000000000001;;0.078;2.4530000000000003;0.25;0.23399999999999999;0.047;9.226;3.125;15.682;7.28;7.781000000000001;0.42200000000000004;0.42200000000000004;0.516;0.516;0.42200000000000004;0.516;0.42200000000000004
0.516;0.078;2.5;0.23399999999999999;0.23399999999999999;0.047;9.412;3.1719999999999997;15.142000000000001;7.5360000000000005;7.718999999999999;;0.078;2.438;0.25;0.23399999999999999;0.031;9.213;3.109;15.345;7.281000000000001;7.734;;0.078;2.438;0.25;0.21899999999999997;0.047;9.281;3.1889999999999996;15.328;7.267;7.709;;0.078;2.438;0.25;0.23399999999999999;0.047;9.205;3.141;16.516;7.297000000000001;7.922999999999999;0.42200000000000004;0.424;0.516;0.516;0.406;0.516;0.42200000000000004
0.516;0.062;2.5;0.25;0.23399999999999999;0.031;9.298;3.141;15.502;7.25;7.76;;0.078;2.501;0.266;0.23399999999999999;0.047;9.422;3.2030000000000003;14.924000000000001;7.531000000000001;7.718999999999999;;0.062;2.484;0.25;0.21899999999999997;0.047;9.22;3.1260000000000003;15.674000000000001;7.267;7.797999999999999;;0.078;2.439;0.25;0.23399999999999999;0.047;9.203;3.1719999999999997;15.627;7.268;7.718999999999999;0.42200000000000004;0.42200000000000004;0.516;0.516;0.423;0.516;0.42200000000000004
0.516;0.062;2.443;0.23399999999999999;0.23399999999999999;0.031;9.336;3.1439999999999997;17.125999999999998;7.376;7.938;;0.078;2.455;0.25;0.21899999999999997;0.047;9.221;3.125;15.699000000000002;7.266;7.702999999999999;;0.078;2.5;0.25;0.23399999999999999;0.047;9.422;3.1889999999999996;15.802;7.485;7.75;;0.078;2.439;0.25;0.23399999999999999;0.047;9.219;3.125;15.655999999999999;7.266;7.892;0.42200000000000004;0.42200000000000004;0.516;0.516;0.42200000000000004;0.531;0.42200000000000004
